Username,Stars,Time,Text,Images
Molly CHANG,5,7 個月前,"這是在離開金門街後還會一直記得的好味道
不論是老闆老闆娘超強的記憶力
還是食材新鮮健康的滋味 …","https://lh3.googleusercontent.com/grass-cs/ANxoTn1116SReWX52UEhR293UOW08QV7bHL17mjWkR0cWsGUlyUICtw0qT4PjhDGXIMFAG4pNBm1yjWJfp-Wc-TWJSyltkTEt0kuEzRdU8-6h0UzpgB3mOJVwMdCpIQ2uaFegehGLL-2mSzTw8La=w300-h450-p-k-no, https://lh3.googleusercontent.com/grass-cs/ANxoTn1AzQGA6FIv2FEn8kRaG_52wxN5fiwYfHVK4ZBIjcibD4yIEu4cV9sNVwwQ0YIWj-5bS4B0jYouOrz24_hY1QBw7VQBEhN4YftPlxMMxmws708IA2ydqPvcoiwgRnxUVv5PvDkGugyUKYA=w300-h225-p-k-no, https://lh3.googleusercontent.com/grass-cs/ANxoTn3_aCiu7T1OvKRXhK4zQDKZkQ1ER9QDDDd-uZiFc8iL6BAlPQMJExiBg3xRTqpOpriJsBRd-YqQk96bop9Qhc3x2H4LK4FMy8fXGpAysbwXT-oDIY-wXJpLavn3XFEduGZV5vMxD6CRckQ=w300-h225-p-k-no"
Lo Ricky,5,7 個月前,"雞肉咖喱飯的餐點內容很豐富
有附檸檬水＆熱湯＆綠豆湯(共100元)",https://lh3.googleusercontent.com/grass-cs/ANxoTn3Z4lZm-vmKYudlH4ovcGzNGpIj18yNDbwPUm0v68_ZVotsDgTr21aWWx3IVHpBmqvqUOQPkjX-Kta11xiJooABmePLPANZnzRqA2m1m1Im8aW6ffIT4JGJHCbK769RMA5gGBhPnTbmmRub=w600-h450-p-k-no
Cathy Chao,5,上次編輯：2 年前,"誤打誤撞經過，看到門口貼的海報寫著蒸蔬菜覺得很特別就進門來了😂 主菜有魚有肉很多選擇，價位大概都落在100-120元，相當平價！

老闆娘十分親切熱情，選定座位就可以跟她說要吃什麼餐。先吃完再結帳就好！ …","https://lh3.googleusercontent.com/grass-cs/ANxoTn3CFGrUOfZ7zzqRozuUToEA4Cw4Vn3XeqdF7UMpXQw0dPN3ojXOo9poMge30UHZs0fa2-h2mY4PPwEvTFDx6i57Nahb5mJ6HyNCOZNyttwRFMV67tWiPLjdzWB1Mt9IZPZ6_taEUg=w300-h225-p-k-no, https://lh3.googleusercontent.com/grass-cs/ANxoTn2EGzTQy3ZZsEIXTv2mUiwHRmDxnd2iX8D6eakvO_V-ojyqgJ5YtkXSDWrW_taWNqp5fC3IO6fULiLJMIhm38UilLIx3Ts5EkeSjn4aHsPziOvbi8HBvSyGDaHEqJ0FCXlVUGcT=w300-h225-p-k-no, https://lh3.googleusercontent.com/grass-cs/ANxoTn2gjAw5tQA0yr5XFOekXvxtdDjFBnVyju4C8tUMCcjaUFR56v3QueQtLoUJJRU3SkqsRrwFDA-D5YgN-R1GHRja8-uACiZO7YHnM0Jlkkuw8JDOz3AR5mvZYHfKuhrtXR10NXo=w300-h225-p-k-no, https://lh3.googleusercontent.com/grass-cs/ANxoTn1FQyCYG0YifMTTmhVQW8s1tuIHbufgB0IrcYKdHRvq95_-TmIWSGgInSEbeU0CX0fPjeyCmceeiz9sBJuD3pNlBOSclpPqlYwxAv2qQvrw76V_dZ-wadXQkXIks6ZjDBmLbt-plQ=w300-h225-p-k-no"
kai,5,上次編輯：9 個月前,"醬燒鮭魚飯$150
直接口頭點餐，老闆親切，鮭魚用蒸的要等一會，第一次用餐，介紹中間青菜是蒸的沒調味，有沾醬可以沾，沾魚湯更讚，鮭魚軟嫩，魚刺有長有短，蔬菜健康，飯、湯跟綠豆湯都可以續","https://lh3.googleusercontent.com/grass-cs/ANxoTn0pBCCh3O4mxkKaL2oaji7_KG_bfO859jwIlBtC8UyE0wFEUB6GDmrKKliz7uqoDfkMVucCvQ5-7FAT9f1ude1Yg9TS8oMKG0H_3rRHmh3tSji1PiRKHwFq6paElo7VmosrDbpuS_qTWODj=w300-h450-p-k-no, https://lh3.googleusercontent.com/grass-cs/ANxoTn1MzVXUuxdvygRr9qnk0cNYQnDNyppapMUveHpOJbOaa6qaNwhkzyGc7guJR9GnJdomScO_6KL10EGzEEYC9c0cqzcf7PW_dZ54ZeCf4RAtSABjqmXpxDLo7H3wTrGNze2C6cB1nCeaiUXJ=w300-h225-p-k-no, https://lh3.googleusercontent.com/grass-cs/ANxoTn1HUnZO8ujB70t4l_FQCQXKrM5w6MrrA3CTfx8yJamo0sKgiwIUH-GxqH2QkGQI7VJqZmN6d3RSISvsyVK9Ao-piRqAsKAlqVR1__NOdpPPu57KPwi1-gLbZ1KQHTxrkOoqFfEFAtjesO-2=w300-h225-p-k-no"
Steve L.,4,上次編輯：2 年前,"該店鄰近 捷運古亭站10分鐘步行路程、捷運台電大樓站不到5分鐘步行路程， 特色為食材保留原味整家店強調蒸料理、健康蔬食、新鮮食材主要以「蒸」為主。

之前路過點了👉「今日特餐$100(鐵板三層肉餐)」,含 湯、 檸檬水 和 綠豆湯， 味道不錯， 份量剛好惟白飯再多一點吃得更飽會更好😂。 …","https://lh3.googleusercontent.com/grass-cs/ANxoTn1fjCOcW-qbGOdqILZ_TGavktiUfmHaGhjzavilTiAZXxDR5KcmhayMd_dDvTFI8dquwDPjAE0CVgnJA0g-CYm9_wmMGsDTcYeZ1rnEw_D4K5EJSaeHfYwmkQNY67E1lMm6ObF8=w300-h225-p-k-no, https://lh3.googleusercontent.com/grass-cs/ANxoTn34dhG_U1KzwYSDWN7ETZ5-2ZxJ4eFQNGuvQ-Cy1A7ltcxsksRKCtCjlE47NzkZxx2x1eI78L-7DqaIzJ1wIWi8YMa0xNVZUcInhjMHmsiEjIuSQX8qFcGK6_Tws2j0yByiLk6G=w300-h225-p-k-no, https://lh3.googleusercontent.com/grass-cs/ANxoTn1ruwJQL2c4KSUrWnAB1IObppcZyDN5vxC0gBQyLAunUY3346iNfwSAtiBim_QBqWq-TXZRX4J08O_KPToIaK-uEnjP3KQM7BM5KMo_Ta2r0WipO5EZkVbUSraAOV8K4b5hMR6J=w300-h225-p-k-no, https://lh3.googleusercontent.com/grass-cs/ANxoTn1JZbCRA6J73ia7oQOg9Iezd5V4al8OgLYfEZrCOiAxbAYVK_T3yf00Kj7qATjEVoLv-QSsny5POF2X1dDB7yhdnGy4svqr-8DOcgYPovstT0hKCe1thQlEtXyYUecSPj_EXNj81A=w300-h225-p-k-no"
陳致亘,5,上次編輯：1 年前,"服務非常棒，擺盤精緻漂亮，家常的味道吃起來很舒服，食材種類多樣，感覺很健康。
飯和湯都可以續碗喔~~ …","https://lh3.googleusercontent.com/grass-cs/ANxoTn0qoaCEiZKW0ioJlNksfD1K5cw49Z-1p0PKO4JQ8ZqvR7_srD2wzGznZze3D2J4BwBhxWBNr2K-aYn_ZmCBpVAhpzMhBBXIhZMeCCQ7ZZCB7COCfdh_L7GgNKkfrYwylMxj-fqAEw=w300-h450-p-k-no, https://lh3.googleusercontent.com/grass-cs/ANxoTn2NE2zqXYTxi057mqP77yZl3nf9OY5s5nVfPl57NQUNQ6R5d0KaddurLD4KGUrMxkd8Uf2cEi5xumjmB5y3xSb4Y96gSY9qg1rPaslPMF3DUFPBYbutpINboqY7mOT5K4J7xUm7pA=w300-h225-p-k-no, https://lh3.googleusercontent.com/grass-cs/ANxoTn1tAq5Ik4iHQuQy_YyC9DplnlWLpBDBHSNiYhHhxNG4eRPz40CusmV5JbbS6Ire8rR0LE-apHMMz1jC38o_2zz4CQZbiN-VhzAWhYsxwAavNc8WkJX7BkIrR_ueSHKHIy2VwVAkmg=w300-h225-p-k-no"
杜宇,5,2 年前,"2023 / 06 / 20 初訪

⚠️內用為先點餐後結賬。 …","https://lh3.googleusercontent.com/grass-cs/ANxoTn2_64EOnWUtLAxoCogFlsjbkXcbW5K2TzY-BIxTeKbOIxb_us9SzD5bDW_NLZ8U8j0n6RXlY7OSuEryy9lSa2lPBDKgNAQSzgD0vhQ3pMOQDp3rd6eF8OYkK25WNGUAmmKL-5o=w300-h225-p-k-no, https://lh3.googleusercontent.com/grass-cs/ANxoTn0yDadY-uKARI4bj3etVdY4qlRGNBr5r_44EtOjBhNxiTguo-ytGNjdsEjCN27RepPaHcSc36c4jNjx1Ugm3CEW060_iuRI9q2rOjgWny2UHETfJhBJiiTV-N3AI6osYl5ovyq8=w300-h225-p-k-no, https://lh3.googleusercontent.com/grass-cs/ANxoTn11RzzQVi7eheBVLj1RfzZNCGRIf7MhMo7SfeAUJSLpOkTQseoLkE4FLiqtKwAcK-6kJrD9caiDZ8-Ryn7kJz78ectUVzTzhdENLKih0fKw7Z-OIEVgBWVinStmu_8bmH5LYPBZ=w300-h225-p-k-no, https://lh3.googleusercontent.com/grass-cs/ANxoTn3Y8aQceHyk6q0JxZwd9jrjadS25rs_FQ04Iug5OsjHUxjfqZoHa2PeUYBJk9s6rQ2x1Oea2pCN6fcMvYRp7ELdLwopn2jCzi52bSYK_pZrtB3SscTH6vC2fC1KmtmyV1BZHHJ-nw=w300-h225-p-k-no"
Marcus Yang,3,1 年前,紅燒牛腩$150，都是碎肉而且蠻硬的，很不推。湯的料很多還不錯，整體價格偏高。,"https://lh3.googleusercontent.com/grass-cs/ANxoTn3vtF9ShBCxSYOVrW2n_lKBmlJ9bbVdDocQmwLdcVa6i9txsboDphmjbgVFhCZW98JJvLfV5I4kBRvA_EZnYOOsbWEZF-L4SpTviKk9Ijrw0J3wsB6Fq5lklcvJprK0mB0wHr8=w300-h225-p-k-no, https://lh3.googleusercontent.com/grass-cs/ANxoTn0i2iZneO8_Hg7O9bxwVXG5gq5L7sC5vuT_pqSkUlK_rZqsWGOL2MlnML5rN8sWphIphDRuQgIuvLeOHEl4vXbxW7xs0aMUVYfJAIyOuNRWldgmrvbvgsRTnk25QhmkfPttnmMMtA=w300-h225-p-k-no, https://lh3.googleusercontent.com/grass-cs/ANxoTn3JvpEGzjNDmS7gtgC-CzAUBccwiEvig-FTRLRAIki1tKNnNc5SQCXmKqYWYZSTXgCUZzpN8q0_lqMVRL6mFGia0rjzeu3oUIsdW4oFYFpIfc_amZjuoI338o9Uwgd3pWtTEDSg=w300-h225-p-k-no, https://lh3.googleusercontent.com/grass-cs/ANxoTn3pdlZtu0wFrn79zlDbj-xq6ambQE6f1CFupM3mQ4AhmzDW7_vbSnmogQOoUfY3fmws8DmqkKi63oRL0PVFcuHq724AeC47WtI_lD9Xk0kU6X2i83-5Y2Gw9_zLtRXshwMyA4m9NA=w300-h225-p-k-no"
Angel Lin,4,1 年前,座落於巷弄中的小店，強調餐點蔬菜是用蒸的喔，清清爽爽沒有負擔感，中午用餐客人不少要早點來喔。,"https://lh3.googleusercontent.com/grass-cs/ANxoTn0CQcyR7irYgAUnQzNK01feDeAJbATMGid3kc7viWIFdY4-z-_JQPGyQce0sJQDXDwDwSqjSLLv6nvyGYrMn_9SmZgKeHoXy6sfkBG2zUHXe_50g0nJl40dudcFjyXckhMaDL6m=w300-h225-p-k-no, https://lh3.googleusercontent.com/grass-cs/ANxoTn1Evj1_ZpFEpv41oIpKJPeuA5KRV82zGP8P3KUTDZdM-Yop0xCkb9iNCyLVAkIsCfDxQMXe0kK0GwHXbVHRDnKAVodCeyYoMrxtwMLT5JA644eA6Fe14yc-Yu7dBZLtdCQ-3xLoGw=w300-h225-p-k-no, https://lh3.googleusercontent.com/grass-cs/ANxoTn0TgFXq3X9cK0TADAhrv5d0EJ9GBqRHd6AnnVKp6oVaYDxV5WPt02bkFu4M-IIjQ7vAN2lOEnjy1YDDUSDm6Zsi_RMkoe4hiJh1x0neNUJKV8WAcMD7ZlKQ79xPactdLpYXBMiT=w300-h225-p-k-no, https://lh3.googleusercontent.com/grass-cs/ANxoTn3m4HVXBj4nEHtmI_fHzdlfoQRgmcJIaqxYgPKmmpUIU_QAbLj7BtOn52QTC-n6rN7JRO7u9KjCJiGBcUxOke9mGwpqIiRO2olUgJhFIrMtPxObzSgBxr8z-SwN0ze0lfmzqL-E=w300-h225-p-k-no"
老王吃瓜,5,1 年前,主菜非常嫩Q 各個菜色跟小菜都很豐富，感覺是水煮的很健康，但還有配沙拉醬，所以吃起來也不會不夠味，整個健康口感又豐富，又很天然，加上湯品跟甜點，綠豆湯好喝！超級精緻又健康名副其實,"https://lh3.googleusercontent.com/grass-cs/ANxoTn3jhtzvRS1rla7xpJZz_67-su5JMNYcGjfSvW3IY5dfjG5WG-KMTv3XTp7qUEC1mG1vxLD1ja7YjrzWqdXu1OHmKEXRqtTqhui70RLahpX-Fn30LORbOyxHZ_jTOy0tYYM6KZx-=w300-h450-p-k-no, https://lh3.googleusercontent.com/grass-cs/ANxoTn1oSs6DfZCBRUrmJ9jH0ZbJk0tenYXk34QX915bOixN8BFE3uE14eRLgChmiimB6aM5o1UEFVK5UWHpwHTxtXQL1eRHUdpVtg56qRgBM0RJiGJj7t2woP1UIX8Y2pk6E6hhglXP=w300-h225-p-k-no, https://lh3.googleusercontent.com/grass-cs/ANxoTn0OLc6JjrRnA7Xuf_czHuKXWgGhCtdIMDZRzjkZfaMglEb6fC_cB50sSC7h2H6SfRld-KxKnclLO-CFbeJtrCMtv82M73b5jyOspGpiJCA70GPwOO9fM8R3WoSrYwo5HN_Pc2QBUg=w300-h225-p-k-no"
Tommy,3,6 年前,"菜色整體相當清爽
有兩種醬汁可沾
一種是香椿一種類似胡麻 …","https://lh3.googleusercontent.com/grass-cs/ANxoTn1N-9DtbBWRBcHI2h0lteM55qvuDDiAD2JlUg7Oqii9Z5Yh3oLcH8Oq5nivFmxAZH1VhFmk5KNemRKQ3RY8NCVS-is0Wh1AoXGM1dsxm6u8GzU3d0wHBH8KH10bXunD7JWgc_uoGg=w300-h225-p-k-no, https://lh3.googleusercontent.com/grass-cs/ANxoTn3hB1EQjXOVZ8AiCR7IvIqCfIkIkEYQqgxcokn8_EhDv6fxnCO5eQ0oEeoFz7IAUWtBQ8a1THlO_GxE4NrtGgo0eZYJcE_uduA0ZQFeJSsKMoHiZE7uZ_h91jxpelKHSBu1qrzRnQ=w300-h225-p-k-no, https://lh3.googleusercontent.com/grass-cs/ANxoTn1cehAs9jWy_3RWUpo5wSV1mWaN39-ZPEQ5_TMn5xFjJRs_PsLN3IFnIxuk6Sc5TS4LEY9zNYAzxVY0K1HHcDVDHgdGVM7nCpCcXHVx29zmCZB5PCPBV4UX4k7qH3CXp0IZhpxB=w300-h225-p-k-no, https://lh3.googleusercontent.com/grass-cs/ANxoTn1lNrNevcv63YPsLheKWyCL33eruszjYa9dpTkSK38tYqx_L7gfZKaLpzBkTLhMz4KQ6H9NW0HWck1BSWY2pc2Oqyq77zM82BrCm6A_VNuM3LKgggwGY-qONm2ON6IG0UUhUeo-=w300-h225-p-k-no"
chia lien hung,5,3 年前,老闆娘親切熱情，對前來的熟客閒話家常，飯多醬多等細節也相當貼心的主動詢問，店內乾淨整潔。蔬菜原味呈現，吃的到鮮甜，有別於一般便當的油膩負擔，吃完身體會告訴你很舒適。,"https://lh3.googleusercontent.com/grass-cs/ANxoTn2G2Pnn3qkwCAFT5TiVI7J374HTG60IxpVaPNuks3Zzr6fhQbfxRtSe2-t92YUeTkQdsFIQlM3TyyCNIzRu9N7AjDOJlu4FTadRTw9U1E6MDTmL6iEvew6tx8u_yOhwfU-PkLTzEA=w300-h450-p-k-no, https://lh3.googleusercontent.com/grass-cs/ANxoTn2oRWQHftQeCJKpXizkufcu4lLBB2oEGzESQKd4Jpr3TK619W19vBhQD1dJ8iBDAJuVU39ugdoscKcJ4eh03TYxfxCkne58IP1yDJXFS-BNJYt0jLlsEU2IWpJNnpmv1BULO7-1=w300-h450-p-k-no"
李學佳,4,3 年前,被「蒸料理」的標榜字樣吸引，正逢晚餐巔峰用餐時間，內用與外帶客人五五波，店內也不顯吵，還好店家速度算快，懶得還要自己另外處理主食，只好放棄原先相中的蒸蔬菜盤，令人驚奇的便當種類魚類的選項比牛雞豬還豐富，值得讚許。 …,"https://lh3.googleusercontent.com/grass-cs/ANxoTn0n7XGuzTrbcEgXlzbmTOPfeazndfhXtPM2XEYitjOB-rXYxV6xQmQbf7HgHGrQkHew4izPOL7ekZB9NRLfTu8_fKi1vxB0pY4GK2-6DcLwbC0WLLXx7S5pfFq7o9IX-w6BDOZK=w300-h450-p-k-no, https://lh3.googleusercontent.com/grass-cs/ANxoTn0KOJWAIxmgjg_0Wz4cCr4yesf0JI0vOd4TPFJAvAEfybZE__1c4RUziPtnM5j4ifkApQxhkpbR-UeQXTdVHm-B4vk8SX6BT0ICttT27GVt53kvwPJfUzDIrf4QsdccPMgC1Es=w300-h225-p-k-no, https://lh3.googleusercontent.com/grass-cs/ANxoTn2M6iOaIRVZSdKnamGuVyVS7DBnH5Z3LKpfhF6gV1L0LJMIA8I0MWy4AkZrY7jlKq1rFc1bcDsfbb8VUkTYzcxQHn_OlS_Ent5MMNzlfLmA84Z9fgHSGxGO6jBg0eq2fePUpaunBw=w300-h225-p-k-no"
Jeff Lin,5,7 年前,"店內略顯擁擠，座位大概35個左右，不過便當是完全的水煮，適合想要吃清淡的，但又不會沒味道，也提供沾醬，很好吃，價位大約100-150，服務人員很親切

重點是可以加飯加湯不用加錢，非常值得回訪","https://lh3.googleusercontent.com/grass-cs/ANxoTn3y-217CTD_AzfOuFmbN3ASST5cqKlTQkXoAw6mpyL1dd6JIbSdFtK4qeNsQJLYx7C8y_wX-8HZ5ARCdCjt_ceHpQxne44hx5jw22fD5_GE3U9XIt113ezfdg2n47Y72a9vicAh=w300-h225-p-k-no, https://lh3.googleusercontent.com/grass-cs/ANxoTn0buaRc0Zdk5Z5FeC4VFxaCyWZCWYzbFk9xyrLUkxT2dsqeUvnPCRstfW_eWRBCHFcpB0Ccy7nmelMIGuK4dHlu6sBCGg4aE-JOfm6qyTA7tPoCEn0h-FeLs9RG_WgrXnVNmUBsRA=w300-h225-p-k-no, https://lh3.googleusercontent.com/grass-cs/ANxoTn3wIpncC4aFq7c1l54oFNsr-baGNU6kYzwDk75LkqHZhwPKaU6cUw8vEwmz9CusJggyM8T636v9oKXtYHnCmbyfh8EJbZ-d53pHx-1vZb7Khb9Kate2XgJRm1HgPVS5gsDz4iDvXw=w300-h225-p-k-no, https://lh3.googleusercontent.com/grass-cs/ANxoTn0w9NolEfsDgrbG5fVser0WtVuAPTR2Bbr92jCrvDGc4uEQRBLHLBXj6xZK8h6VAVDJpqhJvLR2E1DJC8jGPcfKFinApchw-XsmXjCFG3028Id-iiZAzHVS95bj08EgMGpw6T0A=w300-h225-p-k-no"
Xuan,5,1 年前,"很健康也很好吃的店～～
店內大概10多個位置、收現金
菜跟肉的份量都很夠 根莖類超甜😍 …","https://lh3.googleusercontent.com/grass-cs/ANxoTn2DfGL7UvHslWXnXMAuomcjm0d3Gy8q7oAkKnke0MkeqAa6RU_HHjYKsBy2baJ8CoWi8qdcEaIQucm9cGdiGsyawEB369Zzr8AdH_DBRdhRDzykWuOKV_dIGdnhkmVo6-DFUrE=w300-h225-p-k-no, https://lh3.googleusercontent.com/grass-cs/ANxoTn02PUytcPhUIO_mSYbhMG3Xtf4cMoTvTjcFNdszK7JVWOG-avQtAzfPy4SRCANnXBnnbmhsPc0OPHQ_zTYVmyypLsYm2tU__-h1Ytxw1LEUA-OeA6RaeWexT_tiAlkroEMCaYPOhw=w300-h225-p-k-no, https://lh3.googleusercontent.com/grass-cs/ANxoTn3417eC4SHwYb7NPesGrcZUVeyd1IY2zrdqSNtTLPdlqiqj05IkrQcnmV02a_s3KPrYZ8kG4W7sy95DjiDG7uo0kfrm3ep17a7gCTIUuAth0fCnu2qVK2Dv-J_NLiAqxjLdwx8=w300-h225-p-k-no, https://lh3.googleusercontent.com/grass-cs/ANxoTn1ECqyjB4IzITFeBVDcs51iPUcZNR0EVcpd6lxyrWs2TUsbwg9KAGQd2s3cN_Tn-hKJMH4FdnloTB8VlRwGz_K7Iu9SJJxEbx5H9DP7hRhaE7wAhVZGYpBtzBI6ycOvx7TOU_Eq=w300-h225-p-k-no"
林以涵,5,6 個月前,菜盤是用蒸煮的方式，另外搭配兩樣小菜，有供沾醬。餐點美味又健康，用餐環境也相當整潔，老闆和老闆娘相當親切，是一個用餐的好選擇。,
twodollar (冷摳),4,上次編輯：1 年前,"照燒雞120$
---------------------
更新資訊 重新營業了，很多品項漲價了，特餐也沒了ˊ__ˋ …","https://lh3.googleusercontent.com/grass-cs/ANxoTn3LPXzGjPmzQim7wdHVyp8VYVRT7aqFMIe7SRCt6gMgm4D1B3sWZIqAy9hYv9bN1zWitPyPkp5S8tCyUqK8xBHXHOMnGSpAlXJa9XtWmjNvbwHyYI3srTrN2HiOILoQvZmI0iFv=w300-h225-p-k-no, https://lh3.googleusercontent.com/grass-cs/ANxoTn3DH9PWWhAdIE6breALXMdp0245F-KmkZmtSH2_G5kFURlF77s-9R_VyzswkNa058mzYColXQIatADJCIOdWq2YM5y-2ZifuDjxFJfmJhC0KzbjD70hQsJ8dX6jXXJp0KetYr6QbQ=w300-h225-p-k-no, https://lh3.googleusercontent.com/grass-cs/ANxoTn304CmgutD_ci5yivyR4_WK_8AhuMTQl8-RJGZl9r6_dXurdD8DkVvCWZ0uFME2TTntS94oWJHjuwAlmJVc8uCdBW_N8b3jsdHfwh8ScOsnZHzJXa5g3uRS6ZTm2_yqo2mMOp2e=w300-h225-p-k-no, https://lh3.googleusercontent.com/grass-cs/ANxoTn1hNlesTF6C4L-YsW7xOu-vXTSo_FNSfjeeE0deXNqOTmOsiTGvdk3JeGVI94I1y6-WkpBUDYtznSNiqkG_zlf_qomNpiRj32PdFoc9siVEnZ_zn8A1RpaWENJ7L5JgIIM-kvJN=w300-h225-p-k-no"
C Mickey.,4,上次編輯：3 年前,"#0505
咖哩雞飯盒$110外帶
咖哩醬汁味道不錯 …","https://lh3.googleusercontent.com/grass-cs/ANxoTn2JcOi8qXVBpvU7vmj_Kgeu3Pdb5kM0lDVWFajiNiI9khKnaypuC8tkR2Mq4gy96-IihL_19ujuygXwX7w891G2EgtjX7aFkEONHy777TkicWReR-UfKR8_SO3-6Llaim8lX5Ft=w300-h450-p-k-no, https://lh3.googleusercontent.com/grass-cs/ANxoTn2tYl25EVSVocn41QA7DZcosw5UkeIB6aXCTxSt-9ZbvgupAy2ti4952F9k9vcKDdGUPJp-dUTCB_pA-OC80fsJdj6FNwpNtR50_stVZpOnsSLE2HzrmYLnuQmg7s2jPQ74HBAB=w300-h450-p-k-no"
Kata Baal,5,2 年前,阿姨很熱情，蠻愛搭話。水煮的菜配上好吃的主菜非常健康。不過份量偏少，可以另外加飯。隨餐還有湯跟甜點。,"https://lh3.googleusercontent.com/grass-cs/ANxoTn3TOZOmZOZNIW33mXYXl38zm2dNA0mo_3eu5K8_wrKCA5jWkDz0JHSkyzu59NeTeJ11Zz8oS5nyI47mGc-XNBhRwbj-FUV0rLq0bkLqESHWWORRrnYXtJ5KxuuhxH9jdkWSVQHM-A=w300-h450-p-k-no, https://lh3.googleusercontent.com/grass-cs/ANxoTn06XcMPjOSbpxVmM4VAIWENOOgPKiWnywQ0XHCJcYLexhpNebb56qjadsu8wmFuDptvv4W6LASnEtunAQgmIiVwPqiBLHZ1mAWrTeLYGzkAR1hW6g-8vkPe75P4NbvQ0RSJSQOy=w300-h225-p-k-no, https://lh3.googleusercontent.com/grass-cs/ANxoTn0-S7tNyHd0LE9pZfwACXAkiAwirqXI3MEKevJBr3zefqgPFvM0ey-mZpmemzggk6wtLWTbtUH7Q6ry8EEwHRL8Jv17yl4u0nQNka3oqJocrtDhPyWTMT3ZXs91Zdvm1MIaPB8Llw=w300-h225-p-k-no"
Yoway Chang,4,7 年前,"非常健康的自然蔬食料理，今天吃的是香魚套餐，只要$150，就能吃到鮮美的香魚，大量的蔬食，一碗好吃的穀飯，例湯與甜湯各一 ，是個非常健康的用餐選擇。
老闆娘親切有禮。
環境略為擁擠，內用會覺得略有壓迫感。","https://lh3.googleusercontent.com/grass-cs/ANxoTn08zXpHVWXmyVecTYWFK84eBBnNlm-y-7aXIq-vxRYCd6UsRcv0bd9ASdUmH7rvoiHxyq81vemRVhXc48Us31GUD7nu79oGSnDYONlSWuXV1FeWt0MJWg_QYDKtDDTdXrqiiuIDJw=w300-h225-p-k-no, https://lh3.googleusercontent.com/grass-cs/ANxoTn2oQ3YlwfI0rP41LDtL8JNM6GwFPJa1F6He3wY4DyVRhHjhFrdBiXIPGvVr2tgnW6b4aejjn6UZiV_2kvi94u2LahWNb36Jm5tRKg_Kzp3AuZbqyC6qpdu5Pp1UHXdTDNx1odrWkw=w300-h225-p-k-no, https://lh3.googleusercontent.com/grass-cs/ANxoTn1QHey8fPOICz2OM8fgGYhvMM157jAQNfPgOBuctbmhw0IDkUygjzbkehJVH5fd7G9o3_yQaqkBmTyMghj-AhRiKYZMpwVUDtJWoaT3ow2HFjzyvAMipc5EGGacQbet_7FZkyfIQA=w300-h225-p-k-no, https://lh3.googleusercontent.com/grass-cs/ANxoTn3Fc7AHkyrhzxMZIA36_p-zpvEj2EMpzMRcpkMc3T4KlPqRRHKfAYPbNCzcoNDCBigQS8odZwoJrgEsHJpzYbXsqmUJJLz4YNcCj27vm8AdBUNr7Bp-Tg_UXUf67Wz7gmB5rlchJA=w300-h225-p-k-no"
Tracy Zhang,5,上次編輯：7 年前,服務態度很好，餐點健康！青菜是蒸的，沒什麽油鹽，但是有醬料可以蘸，肉類很多也是蒸的～健康～湯、飯不夠可以再添。雖然位置有點小，但是追求健康的話，常來吃也不錯～,"https://lh3.googleusercontent.com/grass-cs/ANxoTn3xVVIJIvJknFemQ_8JVcB-tMHoLe0-0R5GWwqMU5dyLE3Af3aRnWI6ioPPhJ6txfuRBx_csOtSU5N4o9feS6DqA8e6p8Gd586m4Z1Yl5ekYyVFfNtssW3XAsuOb-GOtR6RU1AaxA=w300-h450-p-k-no, https://lh3.googleusercontent.com/grass-cs/ANxoTn10lAt5wUhuYZ--MLBXyB4WdfD193SQgsOw0wp8njLFqBfdKgUqUqOkI6V0M3KbTZir4f8oDtgS79G3Mo2viPJtlXN8vGtPZiWGQZuEPPNixKBiJD_BXryHvyl7dGSuOo2Gh6pYZQ=w300-h450-p-k-no"
HuiYu Tsai,5,6 年前,味噌鯖魚飯100元，肉質軟且醃得入味。蒸蔬菜單吃也不錯，整體來說是清淡卻有味的家常菜。室內乾淨，價格也很平易近人。,https://lh3.googleusercontent.com/grass-cs/ANxoTn2wr32oj7wxXXsvzyUWR4w5SWQddRsc2Mh3nO-CncsKtfnG8RW6PDq9Vq9BR6tSvn4oTG1jtHHf86HM5H19EEf8JXY2EuRyEbNIbwmceo-PODeIq9oFARa9DkRQ3Oy4rSErJvsuBA=w600-h450-p-k-no
J Y,5,7 年前,"健康，有一整盤菜，紅燒肋排調味很厲害！清淡不油膩，味道又好，而且價格也不會特別貴。
老闆很親切～～
（飯、湯都可以續）","https://lh3.googleusercontent.com/grass-cs/ANxoTn3tBoqve6zQ1ZK581nCYgMoOUe8MVSlu6WjKjI5K6Epm2UNLxEwibX4B-Vv8rwjz0fw_UCM7PHrGg0kiBRmoT1lPrX7bYLJetOql4SPYvvY4-zOCz8t1B_u5bVihWrGfVbrGnWvQw=w300-h450-p-k-no, https://lh3.googleusercontent.com/grass-cs/ANxoTn39h5HCGvQQBIp0NmQQLP1miT58aCu3vSElaJCNWoAo61ksBUd2KsorXSuHhJbtgCFXZHLTx_d7NzWQc1kccOifPcoWoZEnhr4DJFTUZI6Tt1qzqY1IN_tpj3oC9_Lyh0YrLUrL=w300-h225-p-k-no, https://lh3.googleusercontent.com/grass-cs/ANxoTn3dhRhlGnKe7GqquBfZ2Tb_61ZnQq_LPlTIcN8YwO0KO8d10Y3VFZbyN6LNF1JGIz1zbPFVYvFZrGfMyhnSSH7Jmj5BduCFQLgl8O_GM6wm3Za9QGkkPi1AC5I5tats6fkTHDqt=w300-h225-p-k-no"
emily lin,5,1 年前,"櫃台的姊姊非常的親切，像老朋友一樣的問候，很Nice(^.^)
餐點是很健康料理，吃了不會有負擔👍👍👍 …",https://lh3.googleusercontent.com/grass-cs/ANxoTn0m7NxvPxKa-WT4GS4-yCL8NFe3XbqLTWO3xWZGmavmJrww3I5fQ7j-nUXCnPji5M93qi8jiSA85C1VvRIg5utv7T0-23I62fM-nCGfLrdvWvAQCzVNpe4FwqzM8QfuXKbtcORHBw=w600-h450-p-k-no
Shu-ya Lin,5,3 年前,吃了很清爽的飯，菜是用蒸的，可以吃到不同的蔬菜。有兩種醬可以沾著蔬菜吃，另外還有付一碗湯湯，飯後小甜點是綠豆湯。這次吃的是蔥油雞腿飯，下次想吃看看其他主餐。,"https://lh3.googleusercontent.com/grass-cs/ANxoTn1d_36S7KHXuDX5Nz93M9zbEo8wMyhVvuEMfc3y1Gg8exMuvdc94LjBGHZYBovChF-c_82Jos-fcKFKET9fb7Hsl1hA6BGB9fxvyLpBzA8nLIz8xVJ-fq6taJs3bt1o8nhA--k=w300-h450-p-k-no, https://lh3.googleusercontent.com/grass-cs/ANxoTn20N2J3aL3zpOsbq3k75-nyeQZ_Yz4Ai5AjbYpHnF4_b5av-SPM7WzfPb77mFKbp_OYSqWkvjLz6vA-CLgZwHqxQ17XZOysKcoDljF_8V8WeHRVDDERFbHzyQ61e76t1Xx73ZL0=w300-h450-p-k-no"
Ansin Yentsen Liu,5,6 年前,"主菜肉類我點的是味噌鯖魚，清淡鮮美，不僅僅是清淡，店家對表現食材原味掌握很好且有自信。

清蒸多樣蔬菜沾兩種醬料，非常清甜健康；儘管是清蒸但完全不馬虎有分開蒸，南瓜鬆軟高麗菜清脆，都很鮮甜。 …",https://lh3.googleusercontent.com/grass-cs/ANxoTn3ljyU638BBZy5wFDQDnLEqaGQGhX6bN97khdHkspA3ekX174CS2DIRflWQHq9fn5Wa6H22e9PID859_3cNJgEgHPWZiS4uXc-Nt0tRAH0s3MI_XBEdpXSASSxVNiupTmxogbaB=w600-h450-p-k-no
Paul “日和”,5,3 年前,"心得：值得作為平日午晚餐的店家
龍城的青菜用蒸的 並提供醬汁
可自行選擇沾醬或否 …","https://lh3.googleusercontent.com/grass-cs/ANxoTn2Si_HuN25caAO0osvIKgv0V55VvEwai-SeZttDXJ_qxi5Kg-uR3PEySwqusmNgszx3NdyQVfnVEaNOpsziJJH7LKRz33faP3NdvzKu0gmx1WLt5Gi7mvMFAjqLHNgfGxGIm0i-lw=w300-h450-p-k-no, https://lh3.googleusercontent.com/grass-cs/ANxoTn1AqfiW3GuZK9kwCROgVUq8hWVbzbJYWx_Ek_wLZwXER811RDeMLNG3wevDTbqQ8zyd2jpzU04gUquyKBu_HOPnI2GRrqMUchYTF2tD0CsZEkn-nknpNZUpwX2L26so5JtJRErZ=w300-h225-p-k-no, https://lh3.googleusercontent.com/grass-cs/ANxoTn1sYm5nKapx36RHLWXWLsnU9uOplIjA50ZdXLnjW1EoXzZ1iAJ4G1qvW-m_oXkbtOcBOqrweRR5PNObwgjHqrvscxZHVUreBdkGWC9vFXeCLvupRxLmVXaRMGdGcFUX_L8p7gYJHw=w300-h225-p-k-no"
Jack Wu,3,2 年前,"1，個人覺得咖喱雞飯的C P值相當的高，因為相對於其他的咖喱雞飯，除了咖喱雞本身以外，其他的配菜和青菜給的份量是滿多的，尤其還有附小碗的湯和甜點
2，店內還有一般的家常便當，而且可以要求店家採用蒸煮的方式料理青菜的部分，對於喜歡清淡口味的人來說，感覺是蠻對味的
3，店內雖然小小的，不過感覺來吃的人都是老客戶，而且服務人員好像也都認識客人很熱情的招呼，整個店給人的感覺是溫暖的",https://lh3.googleusercontent.com/grass-cs/ANxoTn1jYWg13n6qSLgN-YSy9SWnsYUVLiUPsCA1ySHyzzaCj4TQsTWKFv1hsZ0u3D8QBOgkAnpRwoN1rVe_0uHIHmZnWHgUXpWG8cFzEdjRTd72ZhLla2jTGggsi6M5iH_0EVlxItyZ=w600-h450-p-k-no
mi mi,4,上次編輯：4 年前,"蔥油雞腿飯💰100❤️❤️❤️.5🤍
蔥油雞量不多且是冷的，肉不是很嫩，但還行吃，調味佳有辣度 …","https://lh3.googleusercontent.com/grass-cs/ANxoTn1_LBK_sp9a23OQdbjCIFz4w3DsmGKxT9OFaOoDnF0KXwuNqbFapPvpZFPuvaxtc0tZwycdt3kfABVBRPhSpQLvqwY2ZDJb3B6S8TQ_rt5m5ESPflwef4M9Fdt0vxmLZrYcb7Kr=w300-h225-p-k-no, https://lh3.googleusercontent.com/grass-cs/ANxoTn3TxEZjmnlrFzaZVrk42bvhLFYClCdY5c6O9h6Jqaj3o8_VqFdLUhSSOgzy0sOc047LHPUTBr2JpCW9Uo8Umyct0CF8Wh86CVWPK0diGhSFr9QBQStn9sV45nzT80JkZcCi9goHZw=w300-h225-p-k-no, https://lh3.googleusercontent.com/grass-cs/ANxoTn30yKJZtCu2USSnqD4ThKUd6KD9kIshJnMVNLzCHKR6NNYwe3Kfj1GIxCmZZcZoVfuby3ORdgQ2YSa-SGnymooRzww_Wwcz84k67MZQZHps5nLVE0J-Vg4cVHELEiRTP6XcdcaRcA=w300-h225-p-k-no, https://lh3.googleusercontent.com/grass-cs/ANxoTn0d-_3B-H-1lDsg84C6DQOOrnWC1IAr0HnbAwsAICJb-TJkVv9RG23QFcefW8Hwvq1TbZpizQmYca7e5jGmACHbfRFUSphx88S3rn8nW6QTJJhDgbiHh6rM1Civ78PPW2_c-KeR=w300-h225-p-k-no"
劉冠,1,上次編輯：4 年前,牛腩飯便當，沒有給湯匙就這樣，.......過了一年忘記曾經的料少難吃，又來買一次，鯖魚用煮的，配菜少到見底，醃小黃瓜一股怪酸味，沒吃過的怪味醃黃瓜，白飯超高技術撲平，又鬆又少旁邊幾乎見底，沒唬爛吃4-5口沒了，那個半顆蛋也是厲害，被魚肉蓋到的部分，蛋黃凹陷幾乎不見，地瓜看起來好像魚肉蓋住，並沒有就是那麼大，超高擺設技術，上次牛腩飯還給三星，這次只能給一星了,"https://lh3.googleusercontent.com/grass-cs/ANxoTn2fgUWNiBtpv8eogHUs4xwOFUYSeamYIg9M3ArQ91Nc8yHFc-bkgSZym6NDkz7jT8wnVIfKjjz9y2aMb7kWqDuXK0IQKT0xhZAu-_zUdtl8MaIZeuUob3Yc_U7JMbRHcXA23oLkQw=w300-h450-p-k-no, https://lh3.googleusercontent.com/grass-cs/ANxoTn2a0-4jYDswuDlD5oC-uaEGUfR0Qt1UQB-rsyyORMi2oJG9uoxAhb1sHkk3m994dAmvWMoCT4arh1EGM6Kom6brZdDLa8ZIaDrxGQv6_PV8bJLVYZDFFziLVsi2PFBmFVm8pp64=w300-h450-p-k-no"
YuChen Chiang,5,9 個月前,"用餐時間生意很好，
店內座位算多，
但一直都有購買的人潮， …","https://lh3.googleusercontent.com/grass-cs/ANxoTn1ir-aHTOEfvJV_jdBLJMuYZrti66sQgWfTUiTg1L2obHIWr1ON5LPuMhLY-8_EGTBAgU6ZEJtZRsXRRcproqrB9RbjJnaMkNPrrHE-XVgzPnpITENObQBxxCXWwSH0RJyy8uuD5E3wojdM=w300-h450-p-k-no, https://lh3.googleusercontent.com/grass-cs/ANxoTn1Qv5WxjVV514RDJKup71SszkbN0T0WIkMsGF28mLdZCPUZoWr-rQA7Y0nARlcrOwPBYRiuI01GQe27vEFghGVKYAwMVNW9cqyMZnp0HoqYiFgfQREN7gKgV6Q7Di61Xha6GE_G3C0qc1gv=w300-h450-p-k-no"
DODO DO,4,6 年前,感覺像一般的便當店，坐椅子還會搖晃一下，有冷氣。餐食皆用蒸的，講求健康訴求，是外食的小確幸！吃不夠可續飯、湯。蒜泥白肉餐肉嫩不老、湯內有料小蘿蔔、白飯加醬汁、附綠豆湯。,https://lh3.googleusercontent.com/grass-cs/ANxoTn18ok6X3zkYIp9i8lLbDVNrPu7kLlNSd8gXSN8r44x-ZOvAG53nFWtzY0z7nqTOGSdhrDRHpOVO5Mf50cC7A_T7WHsF2UGB9NgaKQfvBgWskyp-X_-qeMaQ5FkF0neKUYi32f7t=w600-h450-p-k-no
Curtis Wu,5,1 年前,走一個清淡健康路線，餐點配菜是用蒸的，但各色蔬菜都有，非常均衡，另外還有一小碗甜點，主菜也有不少選擇，整體份量大概就是一個便當，加飯不用錢，價格也非常親民。,"https://lh3.googleusercontent.com/grass-cs/ANxoTn0JeDRHnV_WDxdnEZ9wT1VssSY7OdPQAcuRf36RrhBpKCSPiKBhQxoRAF5mBc0hFr6_bn8lriAjS1sVOOyjcD0DbHDIK_aiASf54wyzCRRZ_wthB_ylUHZ1jd2GgDwoWsnn6yJU=w300-h225-p-k-no, https://lh3.googleusercontent.com/grass-cs/ANxoTn12slXV7HPaPzTi52qqzT8jFwnOEsZHFpd2LzMGA0YC4J_DKL6k1XuqEzMIG3RSMrsHabmPCsgUAH8nGaOJZqgwMeMI4BapwgINeyj7gian1H45oPvOxVLwEzeYG7M7IwdcUs0zmA=w300-h225-p-k-no, https://lh3.googleusercontent.com/grass-cs/ANxoTn1aEBURvvueWmPEnrRB7En4usauLzvfnBtbT5GZV6N748djI04j72DSkX55j3hM3EV7yyHDCWSZwFiYWfrWXfwIx45mWcfnzWRt6PeVsQ0pYXqDKb2nbzNPavShYEmcdFaMNQ_H=w300-h225-p-k-no, https://lh3.googleusercontent.com/grass-cs/ANxoTn2Mdw7S3U6eaRAxfK5WOlCGqOoGFd7bbUu8To6K5O2AlI9sXHVlW8_5gZmr-ZMt4gvsSymlyQUEWT1ydTL6eAPOcAGKiY44vRM5QepgoCkMxFZ0Kuu0NwYUfUAXavHls78jSBoTbg=w300-h225-p-k-no"
Jou,5,1 年前,"這年頭有這樣用心豐富的餐食
真的非常感謝！老闆娘也很熱情招待
真的感恩呀～～～",https://lh3.googleusercontent.com/grass-cs/ANxoTn2ALQ1xXD5r1JOCJaGw62AbTXIWT18CXzWSJUWJci58moWIcfekM-RrUuVFhSTHyYt3xE_QYzhEvxqivrgTfcxQBa1NOH1QyMaYVzAgs0LOUjwveAQuHR6BMnU8rQO6ER8LTFecVg=w600-h450-p-k-no
HH Weng,4,8 個月前,主菜有蠻多選擇 ，魚、雞豬牛肉 、咖喱飯都有。主打清蒸蔬菜，沾胡麻醬。特餐形式，飯可續加。中午用餐外帶客人蠻多的。需等待。用餐完畢再付款。,https://lh3.googleusercontent.com/grass-cs/ANxoTn0MHELeuSJwquaHi8k6d54he3vgXVQFNLWWi_NjVYoaM6diH2zux8aA0QAsM7GFd6pbqrFGFe5rQTckHXKL8-unshzhMA_fVJfMByGpWy3TDtVICSbMcEpnEpPlV0I271KP3FXVsOpxgk8H=w600-h450-p-k-no
ShinShan Wu,5,3 年前,"晚餐點肋骨肉，飯可以選擇換菜或地瓜，菜盤是用清蒸的，調味清淡，醬料也很清爽，附一碗湯，一小杯綠豆湯跟檸檬水，有甜有鹹吃完滿足。
老闆娘很好客，內部空間較小些，不過不滅吃到舒服食物的興致。",https://lh3.googleusercontent.com/grass-cs/ANxoTn2tdEIpEHzVaHBTICZiIgkZejMNVvGdclbXAux0ChpKHJR7-C1WXeeB9Vn4zfWT4KW-bw21o4PqqBS4fIb55HrWa2tDtIy5MyHJ7ju5UTsBymr05y67RsvO67MRXguEVIsEqLY=w600-h450-p-k-no
2024議萱,5,3 年前,"cp值超高的便當店🥺
蒲燒秋刀魚 $120
老闆娘端上桌時整個嚇傻 …",https://lh3.googleusercontent.com/grass-cs/ANxoTn0aaPRJgT6Q7UuJ4Ko7_xoK9LMUFCCMJa7BdmdKJGlxm-I10hkMaWUSZeLcsV5YP49gr9eqxCExUzQAICHUDu-u-f5TjqTeoOlDTFhsoTUcYyL3EM2hOmgcL02lkUD3j13AJ7J7=w600-h450-p-k-no
碰騰,5,4 年前,兼顧養身的餐廳，每一個套餐都附上湯與甜點，如果喜歡口味濃一點的還有沾醬可以沾，很喜歡水煮的青菜料理，主食味道很新鮮❤️,"https://lh3.googleusercontent.com/grass-cs/ANxoTn1Z1yNpfTm5C8Wx-rCih7G4ryZvKyVHhS1ZPnUmYYk7eL_LKWiITZKL3iCezUUihzW8e2XkEW160n2E-gt84Tdz44UVLA-5Plk0v0kwblt2XPkTlY2QrTtr0OyiDOkW5zUC2mcm=w300-h450-p-k-no, https://lh3.googleusercontent.com/grass-cs/ANxoTn2KGK8bP36daDijpmcjJ5HW7KEYILCp9ZmW_2QViNktxTDrVYgsIl8dZzj66PohZcz4GlN1CoAApQek7WX-dYpE4n8ZFDt1-oj2hpLsouVGsPeh2r0-Oa8FnPiTbTzWPFpV3QBXcQ=w300-h225-p-k-no, https://lh3.googleusercontent.com/grass-cs/ANxoTn3lgow3kJ0zj5X28kRAw5TQ3XVKQvPLMWQtDPmfKwr50m-jAUJ6WP4TrSdNC-yvL6ue4s70xVqejWErmhY49a2LJjc2GJw87qzdeWZF9VQDTiafRSClp-LEl8RlnW7opaHJICs=w300-h225-p-k-no"
鄭小良,4,2 年前,很像自家煮的菜，不會過鹹，只是鮭魚肉比較薄小，不過老闆娘很有朝氣,https://lh3.googleusercontent.com/grass-cs/ANxoTn36XwRTcNdGAJ2kGDc1bCE4P7E-uMTmuvrJcEtCWIuut65FyMovXFiJeDqkXOuses9LCEiwO2XNr8vdo72xxwPxszfVY3Y4g6hbn-4JMwMu1Oezw61QSxzVFd-jJHo0a9UFuOqaSA=w600-h450-p-k-no
廖智惠,5,9 年前,可迅速帶走的真食物便當，養生又健康，對嚴格執行減脂計畫者非常方便，不怕吃錯東西！,"https://lh3.googleusercontent.com/grass-cs/ANxoTn1OnCzlPtfAEdRBfzDuUgv__DimhFzM9FuC9d8P2kGHBinFZdP7XnahcPdDYxmSIdSHZaEDY7JN4Kr-BxgHQgXuMRbdimwAGlpmBfzRkrhtG_qw1nKF-jJ8b5TRU6NmK-g2WmhBLA=w300-h225-p-k-no, https://lh3.googleusercontent.com/grass-cs/ANxoTn1JP9yUNqJlI0aJ_leE2WMpWPZZVhSJRg_W80itSrWHcJ1VuDSDDmu3eH0nzd1UxDC_6z-JeeieWw3any7O-bDViB1xDq9o_BePNJbxaagfIY9BHFVw-H6RPvF7oms56_9pahqtng=w300-h225-p-k-no, https://lh3.googleusercontent.com/grass-cs/ANxoTn13emr4RBZhgYFaHct8p3ek3x1WdotpOuOFaZkq1nx2gu_nzWM220ztf5PorGA_hdVqpe5FRH-nPwR9P4NldrD6ppTPbu_-IxIPOnnPlkyFMWiKgVX_AHM3kcPHMQJMxpTDK9o=w300-h225-p-k-no, https://lh3.googleusercontent.com/grass-cs/ANxoTn2TpgRorM_NKgfOqcAuisVXsEDn7iZ8wIPC-Lm_MkGD_AKG7hrRwpxCKUgmBZzIR6XS6MdPQW30w6ByqMDXiZUP0JCRSODNoYGeXKqjtSoIbiH17qO7iBpr3OzIgpLqEAJ6ESGP=w300-h225-p-k-no"
C,5,2 年前,"吃過排骨/照燒雞腿/蔥油雞腿/目黑雞腿/牛腩，最推薦目黑雞腿（起司照燒雞腿）&牛腩！！

整體份量蠻精緻的，但白飯跟湯可以續一次，蔬菜用蒸的比較健康，有高麗菜、玉米、南瓜、地瓜、豆腐、秋葵、鳳梨、半顆蛋。 …","https://lh3.googleusercontent.com/grass-cs/ANxoTn3bMiFdPhJQgblI1nlcory60q7ce0gsgYsLbNI3_0kOsEAS17QOiIpt2pnrz-G9MtgIbKE0Ts7YMG4CRaC835IWxREBwtQO8wIOFYkTYiTo_kMt_b6nLUz1SrchpgtLxKCbPGQC=w300-h450-p-k-no, https://lh3.googleusercontent.com/grass-cs/ANxoTn3dhEVLYwfhnaSz-h60rJGRXH6V6DHQa0lL6igOuQFGcJnFKwbzrfBNp3WblS9eafqvS_D5kNT4qjFs6bxX5oaVbbGgLgqLEefEZjYqKsJseKnTew8lvBCDHSjqIiFktN-C1UZ7GQ=w300-h450-p-k-no"
PeiQi Teh,2,上次編輯：10 個月前,"餐點內用好吃，但外帶就還好了 不建議外帶哈哈哈哈
然後老闆娘對幫手阿姨態度很差，時常會大聲🙄🙄 …",https://lh3.googleusercontent.com/grass-cs/ANxoTn1-cZSDxKuotWN6HiNqeWYzZP15ANbH2KJXrMv1aUshS5BqP_-8_mLSq8e8wvEygQsfDLpBuCtvdAZp0xt3VeuzUIM1KoEd19jnz0aQaQB42TwqiEEp4lxEwem3OS-6pGQrLBgc=w600-h450-p-k-no
wallace tsai,4,7 年前,"從進門的瞬間～就可以感受到老闆娘熱情的招呼(是真的很熱情！)
餐點方面～可說是非常的養生健康，主要都是燉、煮類的主食(沒有煎、炸、烤)，加上副餐的蔬菜都是沒有調味直接清蒸，所以真的是很養生。
雖然口味偏清淡，蛋嚴格來說～味道還是不錯！ …","https://lh3.googleusercontent.com/grass-cs/ANxoTn2NP5BzBjJ18JNjN4GbcNUbENZ8IlBc66XTmd4_6BM4HHtIn2IYxE1w9pRulFdHzIuVRSz36GBbD-jFAqB_ide-Z8bPzP9qicIApRgao5UyrWNu_4B9gg24rEfGYnFNaS8xtfKI-g=w300-h450-p-k-no, https://lh3.googleusercontent.com/grass-cs/ANxoTn1FrrSiYHoDyp5RC8NFKX1i8bnfTuopL0mLNYrnm1chPEhDEnCuDLtyVzxMWQEJi9BhcI6JXPt0S3gX2jptVNU97ap9Nn6ZkAzXMfDCuqnv-AgqhRqW6SARR3EZxtaBArtCHoeK=w300-h450-p-k-no"
allemkimo,5,上次編輯：7 年前,乾淨清爽，很健康的盒餐。只要來這附近，不論是看胃腸科，或者研訓院上課，這家便當是首選。從冬天吃到夏天，一樣健康美味,"https://lh3.googleusercontent.com/grass-cs/ANxoTn1lGp8W2dHbz9SEi5PX1osdiAyNVF0LFXpjHrs77Ty1FyuP1VrWIBS70b3cavSbyE7AQ4LPNqYndiuO1SaRXADFNQyxhz_BOjkRKdVeht2xspUysmLvntREKuJ9IpUlYo-h2S5t=w300-h450-p-k-no, https://lh3.googleusercontent.com/grass-cs/ANxoTn1mZKRxeRsAP2SircTwp-_PPzaIV-3s1d2qpMBQJ-ST5ItQO0cqfzH5veY6OzRXxirdWbzbhTLkv7Z-JY4e_uo0IrylaTUrwK6qWmW5ByJrHRmdfXJXKeeyqxrpn9L3jqVroKI=w300-h450-p-k-no"
美食餐廳必吃懶人包,4,9 個月前,"古亭好吃的另類健康便當，是用蒸的
味道算清淡，但是醬不錯吃
菜色也蠻多樣化的，顏色也很漂亮繽紛
是很可以來嚐嚐看的","https://lh3.googleusercontent.com/grass-cs/ANxoTn2as4-LxqwNT5wObduWCsAIOH3rpZSqziT1KXB9SbUUm8jthm4hQdurpnWliOSPp9LVcNmCK6dJ-ypUzPf9taPgTX07MWXuSVXi5DEIuyTkiJiuqOpI-Qv8FcBEMEaF0xDjnKqYkvaD61sb=w300-h450-p-k-no, https://lh3.googleusercontent.com/grass-cs/ANxoTn1VLIpSoYT5dCA71p2jnMlkyuerNxd1GzL80j-YtginPCcieJn00tEm78unnl_iPBR7bWU7eU4jntDFSfD-rSdBGPcl12b2Et5EvcU6mRG2bSwu_N1vAOAmrpsW3qu-7l0aJA5T8MKCEPU2=w300-h225-p-k-no, https://lh3.googleusercontent.com/grass-cs/ANxoTn2TH1zrGrpsQbtC_m3t4FrIPueacnbXs2ieZ_qUaibKw6HJ8W7ZTSwB6XTdPBoTBtT5Zs8rfUT-2Cwq0DC3SRtvNLXs4_49lgAFYeAswDVk3v28exO2g5pYIWSl-Ch5BQXH1hlBBKHsb-f_=w300-h225-p-k-no"
Yeelon Lin,5,5 年前,"難得一見的 用蒸的料理
清淡又健康的首選！
每次來都覺得自己更健康了一些！
謝謝提供都市人健康的選擇","https://lh3.googleusercontent.com/grass-cs/ANxoTn1UqYwgISVm9tAOBKD5TXYunFCaqOK_bFfu_fQt0yEl8p43NZphbCYSMolX1YOdA7kntHIAEjcTMnS5e2I5m6nSxXn8N07DxOYwXvnN4Z7AqgP7UMrH0knjUp2FON5lnyFbqubfng=w300-h450-p-k-no, https://lh3.googleusercontent.com/grass-cs/ANxoTn18khVYWVPsW4BPeDiySyhaMgxZc2HeejzZnlV4NV4mAP1ha5E63vrHpZBOHVdLUTbjUSNCSWQO7sApG6VLx1UlVHPTJCp2qyZwpcIJNw4GHpkYIIxqDMPCpnh9R8mjjnOcdwQE=w300-h225-p-k-no, https://lh3.googleusercontent.com/grass-cs/ANxoTn3lOpqWprge0qfwBjHtYyG-wBl-1H1HoN-2oeFjCyRvuZPkZ78aRKLWNPsmysGhfGTeo7bmkozFJxUEAKA3VP0vzIngOmlnvLYm_03AVBG77L-I9knZLaYEsCPA-MmskprHAUyW=w300-h225-p-k-no"
Lu cinda,5,3 年前,"老闆老闆娘對待食物的熱誠
可以從送到桌上的成品看得出來
每道料理我都品嚐過 …","https://lh3.googleusercontent.com/grass-cs/ANxoTn1ehgLc0vZRiyqGFM6eM3h1JUSW87CIqqoUO5a73c4Vz_3Eu7aF2FFPpRnvFwaLE_B4_0g2jFqYgG4H447S4Dv5sHxWk_9qcZSizpc8FIi0XcGUHGQXYvL9oH9PL6ODCwJ1fyTP=w300-h450-p-k-no, https://lh3.googleusercontent.com/grass-cs/ANxoTn2sI1hbEGRaMYPo3Gy_-Vm5W997ljQafhU4s9HrbFNsqnvYd7fG6VJPWAMejOmnn3xFStjXuFabR_QF2pVsK5Mlurj8vmYQ0ITDgKjkaAEATnKLeawsTab7xYNs4NhvYOc7nHpLAg=w300-h450-p-k-no"
Xu感受價位與口感,5,7 年前,"CP值:中
巷子為單向道,建議停好車再來或騎車走路
價格在台北市算中等偏上約$100~180。 …",https://lh3.googleusercontent.com/grass-cs/ANxoTn2-w8EMBmq71o8_CXz6MgoJksoLKOVD7ng9HuPtKG0unUAzxE7KD3M6DobEjHDai7U9xKd2SxE_xeIeVbwSs5LIQZWfIhGsDiGepupAi0EKYNpbd0iBTtRqwyedn0RFMIPpmddC=w600-h450-p-k-no
Yu Jie Z,5,6 年前,"菜品清淡新鮮，內用還附綠豆湯，營業時間店內顧客絡繹不絕，有時需要等老闆娘安排位置。
湯品跟米飯可以無限續，是一間可以吃飽吃健康的小店。",https://lh3.googleusercontent.com/grass-cs/ANxoTn37AB_Ujg1Z6PSGriXogN1tNZWceGbup8fLWCXaip-AixrAtp-lP_-l2vcz0HrOMxkwqAjOPE3bJK76AQ_NqzTE1s421EhvbcthYLEUx4t0cDXWD5QTGxf6F9bIVwJJFP7a2O_1nw=w600-h450-p-k-no
預未來,5,上次編輯：7 年前,原味食材配上咖哩，簡單也能有好味道，且價格合理，CP值高,"https://lh3.googleusercontent.com/grass-cs/ANxoTn0IIGUcxv2trj6fXgkSGwOhR6Vlvt0_ciKURc6dZvr1AYVGTs7OvPfTZJ2DOJjv09KzEfdEJNlXNV5UTFD4HzGMaOckZsjPx2yJt7mNseTJ7b8O5WqohqPJog48wqBKZT9ox141=w300-h225-p-k-no, https://lh3.googleusercontent.com/grass-cs/ANxoTn2Cn85g5BuNiAVrnczL5apOcbSNmaAR8IPSEkvvdoV_8JX5WQeSS0Vso3BeheDDSFC9fQ2uSZRsurCGsxv5iTC-n4w3mNOzq9jQP8-VkM0_8NzKppl5pnNtLWO8CxW-v5qM31qE5Q=w300-h225-p-k-no, https://lh3.googleusercontent.com/grass-cs/ANxoTn0Yp5k6Br4-1LzD-VzPkdACffWpgVg6xOWgJZ8XaO55ZaeLMCRXWL6Z7eHBtvdMkhXvGfFtiJ6iIuFH31oIul0K9J-kCGO0txQLyws4jN0P2u7F61v1K40Q47PpOeWz5vC5Ab6j=w300-h225-p-k-no, https://lh3.googleusercontent.com/grass-cs/ANxoTn11wUpX_DXjipPdWB-oa5-JuJU0YMyZMvt-5x_DCXHRjNTBkMC-NiG7luBc-UVC6logmFwzZcoUmgL3avnOwy64VpjC2ll8o9LTHLhRUsfed1ixPSf60aeupotjln44v3MQ75KFXQ=w300-h225-p-k-no"
IJ LEE,3,6 年前,紅燒牛腩飯120元，蒸蔬菜很健康，牛腩切的很小感覺少了一味，份量偏少，湯飯可續。老闆娘用聲音掌控全場，吃起來的確會有點不自在。,"https://lh3.googleusercontent.com/grass-cs/ANxoTn0k7CY9s0LR-CSEG81_yK9-GG5Oyhhy5af-D89S4u3XViA1l2z7yyK5d64jlUqTBPmrnCA4T9wdNM3dU-_cPacmfjF0K77rYUUUf0LdD5L03_UQtXh3cXlf7uVbCT0SgrAiaMX1=w300-h450-p-k-no, https://lh3.googleusercontent.com/grass-cs/ANxoTn3clBzpBymMhDMEtHgvj50IJyI_pU-JgdcRcmLQi6jrynFjieCtdSDregGDBvXu5flyhc8gsXQ8cgOSi254JpSK-LxEkglRgkxjFSriplnIJLSCXYqRAdPHCeudv6uW-FEZqboD=w300-h225-p-k-no, https://lh3.googleusercontent.com/grass-cs/ANxoTn1Ikspr7cV8jnNhka_Q57_xmjwAnescS0-t-CAwzCs8oNbtuhFvQwu1cbYAN1tzjeapXokowiR4imG_-DNOsyjtKikgqM6f-sBn99vv97Rh-DdnqUOdyuSwsbSBlHgblzXCwbc=w300-h225-p-k-no"
財務美學家宮麒,5,1 年前,"許久沒來，我戴著口罩……
眼利的老闆娘：林先生，好久沒來了！對嗎？古早味排骨飯，對嗎？
下班時段，小小的店面，每桌都客滿，也有排隊等外帶的客人，老闆娘眼觀四方地招呼客人，格外親切，餐點份量也沒有打折，一樣美味，溫暖的味道🥰 …",https://lh3.googleusercontent.com/grass-cs/ANxoTn1swpUBr6cAmUEecsN4C5QzDpJOUu-_tVCGNwTvvpHgVkrfs3I-lIaskhrS1af-EgRlNbpo3BB4Nm6LXFuy7u96KY_12xzC2CIAz-wF0zwrv_3_lXb5vNcWZN087MzeOvmi6Z2q=w600-h450-p-k-no
Hayato,4,9 個月前,"老闆很熱情
第一次遇到像懷石料理的便當店 …",https://lh3.googleusercontent.com/grass-cs/ANxoTn3ZP_nUR1UEYY28kWBWLA-k9DxHhcPMZatM4gu-bLFfXw0eL_3AGkvitBHhHyf1eLoEhjZMM1LGLWYmcFdFOHVnho0vBBfQucAXo__1WHEHKzPNMdm7NjJ7ziyNJqWXFHv5ZA0wzsV5jaio=w600-h450-p-k-no
Che-yi Hsiung,5,1 年前,"路過覺得空間乾淨明亮，於是進來用餐。

店內阿姨態度親切，聲音讓人聽到就很愉快。 …",https://lh3.googleusercontent.com/grass-cs/ANxoTn1DITK9N03rjFQCQezgJy1-_UjLCc0VbKPwrwjLtLPur5hEwKjm3qQfEDjsvi1Huc5HRjMsJUpj2luiJiVeDar1TuQ9b5c9OolfkTRriXQBB0l-NFGSG0SUUhIt8bXh1QLCGf24jA=w600-h450-p-k-no
Sharol Xiao,5,5 年前,"便宜好吃！菜色很棒！種類超多
還付綠豆湯 只是店內很熱","https://lh3.googleusercontent.com/grass-cs/ANxoTn38zLAM5CYGp5JLQivS4KVkt1r1UKhyXYUSQ2qs5UEzs9k5SmEOSrPQajwmJAKL-rBqOAPVP8i3i1sZHWJxtiNiWXK48uVm3-73_WtCf0Ad9eFqixIXvgr1C6cagN3qNkDp8mHkRA=w300-h450-p-k-no, https://lh3.googleusercontent.com/grass-cs/ANxoTn1MTwbb3JbzXnbl5htQ4O9YV9NUmV9h85MQ0bbaGkk1I5kNh0JxpDwKD-OJ840Ctm7wPso6HLDszvq7T46JKdUv85qAgyesyMlvL-fT9NGOfRuD7VBV_C1lu22x-IZJ2kzi00A=w300-h450-p-k-no"
Sherry,5,9 個月前,"老闆娘超厲害，記憶力過目不忘，同事竟然幾十年前就吃過這家店，老闆娘完全看不出年齡
不管魚或肉都很好吃🥰 …",
FEN Cheng,4,6 年前,"價格100-150$
店內環境乾淨，不會太擁擠
一份便當附甜湯、鹹湯、茶 …","https://lh3.googleusercontent.com/grass-cs/ANxoTn2k_dy4uZB9XisFNSv0YDvh2h0mhKSFqAomxSEs_18RCJQGJtc_RQ-Sty60BxtuXDM4fNCsn3L5VE2ytmIBLy6R2PAuMoLlgLZZ_8S-Ku3EJi_yvdAPzV51mZUHiZgaH-A0wDU=w300-h450-p-k-no, https://lh3.googleusercontent.com/grass-cs/ANxoTn0UkCSRmOebggaXFYCsOnk8FGxoU9l6EjJqTEshP6oj3rOqNj08YxrqEEgJ9cvAr71yNwP_xGBcqM_06Xpe0IWJZhB0hBye87pe2PQbTG4E-IahmZ0ILNnPIuw9BrLuWo5oLq47YQ=w300-h450-p-k-no"
Lucy,3,1 年前,第一次用餐，剛進到店內時老闆娘熱情招呼，點了照燒雞腿，蘿蔔湯很清淡，小小碟炒空心菜雖然炒黑了但味道還不錯，一盤清蒸蔬菜配色很美，照燒雞腿很入味，雖然有點偏鹹但配清蒸蔬菜蠻剛好的，還有一小杯綠豆湯和檸檬水，餐後喝了很舒服。 …,
Gino Li,5,6 個月前,金門街內精緻便當，少油少鹽，清淡好吃！,
Pei-Pei Yang,5,3 年前,"食材都很健康吃起來無負擔
最喜歡吃牛腩，還有綠豆湯好好喝唷~",https://lh3.googleusercontent.com/grass-cs/ANxoTn2xN3G62NKWmd8v6xJxDTo5DwGtbCHk6wnEgTiLX1ArIibGGWcRMooxGpnqDsPk2gS7cwmIgr9hAZ16Kvc38l-QvpOVi3QROyIxjkaiQR5btqRRXj_edrtrUwTf0rbk8g5JUUfZtw=w600-h450-p-k-no
Eric Yeh,5,3 年前,健康美味好吃便宜的便當店！,"https://lh3.googleusercontent.com/grass-cs/ANxoTn1QITp2JrnrhH_mYyXnQ2Kb4DmEogZucOncLlKK0995WADCS32nO2tis3BJOxLTL7KsqJJ2emQ_nmQj4J84SZ_KHDz9P6b-A5IVxwzoKpYAR0vJKbPtTbSdGxesKnAnSPyJjOCK=w300-h225-p-k-no, https://lh3.googleusercontent.com/grass-cs/ANxoTn2LExfNiORpJyMu3qFGlR_xHPnxzh0AN3Ga_mezjzWkCNfApNgoxtHV5j6b3u93c9LwD8EZEYOZJfFGOWyP1580M_MAViOH2xu2ANMw37aMusI1H_UXvhATj7DJXf8ckpxPwBmB=w300-h225-p-k-no, https://lh3.googleusercontent.com/grass-cs/ANxoTn2YS6e3Or70GGpjd7pYPD3bVLwS_bt-P5DR_XtA_rpp9018u-YB57H1C9y2oO8p_eWDT8emcLCytVHcWR5FAR0sYkGt7QM_YHJ4Y_Yt40OTd3q7EeKxt7HhBBfi-heablF1qtim7A=w300-h225-p-k-no, https://lh3.googleusercontent.com/grass-cs/ANxoTn2lixDyvEXLnMJ6xuam2TWjys7kYLKRThG35bC9NguTotK1-fDfUZxOLPLK4yU5A2AM9atb8JG5EkV3VgdLi0g7NIHxSqPO-Q4Ngep8wwCxuKtou-87kJqE8RYO-4d6ad9F-mZd=w300-h225-p-k-no"
geo CHEN,5,1 年前,"擺盤超精緻，嚇一大跳。蔬菜種類多，還有甜點。

老闆很熱情又親切。謝謝提供健康又好吃的餐食。",https://lh3.googleusercontent.com/grass-cs/ANxoTn2qVn9T0iotonmkUEg3Kc1M5srm2ym0eBAhaC4Rxa6fNAmYwsyed6IzHwDDp8Ke10hG9mhJh8kkGU0vS7ei9vUn7ooN3Dcy9CHcmqz0UZ76LLmsO9WuXDdwAEKLXqzEiEJPcsmJ=w600-h450-p-k-no
維信,5,9 個月前,是台北最好吃又衛生的店家，每一道菜都很用心，謝謝,
Alison,4,8 年前,走精緻化路線，清蒸鱈魚、水煮蔬菜跟湯品甜點的味道都很美味，但份量偏少，不太適合很餓的時候去吃😅 …,"https://lh3.googleusercontent.com/grass-cs/ANxoTn1D6LWa-oORjDU9MzhwJLfUoHV6NBGMAdkVtAX9KUuTPAGkRrTBUL2151kBvsAXRsEo6VPi0RytxS5G4Omz_rlE1-0vOpFWHAZ_8PnlwT0569Z6fXOcogiIfKAUc0aBymkaZVIP=w300-h450-p-k-no, https://lh3.googleusercontent.com/grass-cs/ANxoTn38TtHi-uErKw-zu17j-38oSH4N3BRqyBkqZ89RFkD1aKgTNmfSSkW-MoCFF0-0FB6nM2qoopi3PAEVZal3lcTdXO9whVtZ961fxGcB9LQvLpzKJwpnp0kusq2Tg-ARL75FJm60=w300-h450-p-k-no"
Grenzer,4,5 年前,健康的便當店，湯、飯可以吃到飽，調味清淡，有別於一般對便當油膩的印象,https://lh3.googleusercontent.com/grass-cs/ANxoTn0x3uUbj5BsrYoRLokeLh-zupKsD4GIYy-7B5Wq9aFe3wLlS962xwiCAJ6BxVyKJixj7tS0vTGXRS2jEc0mHEMjzWXMICyHJqv-WLbrQW2dMB2qf3h0lG9SxHW6-ok4PphFmws5_Q=w600-h450-p-k-no
陳奕如,5,3 年前,"會吃到讓心情很好的一餐！
蔬菜都是用蒸的有附沾醬可以自行調味，
份量不會太多，但從主餐到甜點都準備好～ …",https://lh3.googleusercontent.com/grass-cs/ANxoTn3ZqfOtJCOialRBf0o8uaHkQPMp0lf9hbl1SlF4nmEXQKNOjorPonXzFWCcV4-1Jv21EcnBKPlOmRVaI06nEDd5Te-6AHCZx69MMbDNvIMlGmhm94gcntIrmuaJ3ndluC3ItwNbnQ=w600-h450-p-k-no
董宇恩,5,5 年前,第一次來到這裡用餐是因為要去附近的圖書館的時候剛好經過，店內坐滿了人，想說可以進去試試看。 這裡特別的是，每一樣餐點都會附上一盤豐富的蒸煮蔬菜，除了健康之外，更能夠保留食物的原味之外。而今天點的雞腿肉也很不錯吃，然後附餐的飯跟湯都可以免費續加，對於大食量的人來說應該會很棒！最後則是店家的態度，老闆娘對客人很親切，甚至會記住一些人的名字，而且即使在用餐尖峰時段，人潮很多的時候還是可以充容面對每一個客人，整體來說我覺得是間值得推薦的好店家！,https://lh3.googleusercontent.com/grass-cs/ANxoTn2Rw6iUxdK3a8do8hBRwRvO5OFCAzIOqZltXQRXgCP_7r_6jurbWZg3jnsX4IXVgLy0AUdKsrY9zOVLxXnFH2-qOckrBU7QrHWesBBqIWW3DdK98ZjMDbYy_neS53aLyehROnEc=w600-h450-p-k-no
阿恆,5,1 年前,我點照燒雞腿飯120元，餐點送上來才發現非常豐盛，又很健康，可以加飯跟湯，老闆娘也非常親切！,https://lh3.googleusercontent.com/grass-cs/ANxoTn1xhFcQuurmWXB1lMpzeSEXFSuVujSQMRTGjqzNGQD6ZUZ9WMYlxZ12pJl54HOrIQeBeUjbNLhSyFg6Py08u2-kmBA4p40yyM9EEOUtRSEq4AqaEYp1lw8UNrc_hhmnjwqqc6qM=w600-h450-p-k-no
Frankfranc,5,3 年前,"這個價格還ok, 很適合喜歡吃食物原型或是正在減肥的朋友，菜盤大概選用比較多種不同顏色蔬菜，用蒸的來配上兩款醬料，主要肉類這次選蔥油雞，要雞蛋裡挑骨頭就是肉可以再多加強水分，這份餐還有附海帶湯跟綠豆湯，調味也都非常適中","https://lh3.googleusercontent.com/grass-cs/ANxoTn1JRARqOuw6FC5-RUnMbVu1ci01rOj_4Yw6W6k1nd9grL546L3URcUHBkHem9ONiQ5eH83NuT3eKM-fvnyFT6haBjPsgTGHY4fUZFV4JZ2EDNROGtfvHd5Qmo5MoYPCVxZIXIyjZQ=w300-h450-p-k-no, https://lh3.googleusercontent.com/grass-cs/ANxoTn2WPdOAGWgqYoAUKQxPBtpSTxgCqYK1esM5hy6QRaw1Y2VYTHD1Z8vaYeoZPow9hJG8hkp3RkfuQG9TqD9oU_Br26eAR-XJ00v9-TKWdsqsTJcvRLrwmu7ii_ef8tq9IKzES-aQ=w300-h225-p-k-no, https://lh3.googleusercontent.com/grass-cs/ANxoTn1KIue3Ctv42UfD-DMmvtWoaD2KZcJMn2Zglf8sY40tOLuIo3yAB4XzTjeMMhNR7eLELjj3aeeoYQhTvfKHz8WQmwsZUZhb3di6pH7gMmRDMbtUHsoCH-3OD-PuW1EJqT3-TOM1hg=w300-h225-p-k-no"
BingHsin Tsai,3,2 年前,食物好吃，蔬菜吃起來很清爽無負擔，主菜也有很多選擇。但讓人逐漸不想再去的是吃飯時的氣氛，雖然老闆對客人親切，但對同事實在太兇了，常公然酸人罵人，邊吃飯邊聽心裡都不太舒服,
J ′′,5,1 年前,超好吃的 很喜歡隨餐付的綠豆湯,https://lh3.googleusercontent.com/grass-cs/ANxoTn3agMzS65R2ow2mJYSngUR-d4ApFgQWxwEW9DqULLowXvHjSO8MupPBd-6JcJJPejBWeKAwUIdQG4B2xIAjlh2VSTOhLox-W2I8foy6_q_iXNrod3C9niLio-wtWvGzm7qyGRZ6=w600-h450-p-k-no
John Ding,4,上次編輯：9 個月前,"－您已被 John Ding 造訪－

評等：4星－值得一試，會再造訪。 …",
DaFan Lin,5,2 年前,有別於一般便當，這裡的配菜是蒸的，品項多樣且均衡。有附湯跟甜點，飯跟湯還能續，CP值很高。老闆娘很親切。,
Phyllis,4,上次編輯：4 年前,"一直以來都很喜歡這家便當店，菜色都非常合我的胃口，尤其是少油少鹽這點，比一般便當健康很多，十分深得我心，便當的主菜也都非常好吃，至少我有點過的都沒踩到雷。
但在近幾天發現便當裡有蝸牛，雖說這對於外食也不是甚麼罕見的事，但因為喜歡這家便當所以免不了有點失望。如果可以的話，希望店家未來在清洗食材上能做點調整。",
Yi chi Chiu,1,上次編輯：5 年前,"對帶小孩去用餐的客人非常不友善的餐廳。

若不歡迎帶推車的客人用餐可以在一開始告知即可。 …",
瓦拉克Valac,5,7 年前,菜色不油，內用可加飯，健康好選擇！,https://lh3.googleusercontent.com/grass-cs/ANxoTn3x62ysRcZYBFUNSoSM0z2uq3wOHUb3gGdNu3C90I_SAGl7tw6VxR8Eke8JPV9WoEmAV9c0g7yDdgs0kRWAFHh91GpmDZLFKPM7wk4Be2JsL0V-yRaq9Dacy2AWzNOjKw09c-3u=w600-h450-p-k-no
A Train,4,2 年前,"這間店吃應該有20年了，搬家後偶爾到金融研訓院出差也會來這回味一下，以食物水準來說真的不錯，而且菜單還隨健康飲食的趨勢轉型，不得不給個讚!
但來這用餐要稍微注意的是老闆娘是個急性子的大媽，包含前同事、前女友我媽來這用餐時，都跟老闆娘起過小衝突或是感到不愉快，只能說三寶碰撞時容易產生花火",
Ling Che.,3,4 年前,"幾乎中午不知道要吃什麼的時候，就會來外帶便當，外帶便當不是蒸煮菜。老闆娘聲音很有活力，也會記得客人喜好。就是忙碌的時候對其他員工比較嚴肅嚴厲，有時會讓人覺得蠻有壓力。
餐點口味比較清淡、少油少鹽、健康。適合每天吃！",
蔣明芸,4,3 年前,"看到服務的大姐並未因被碎唸而臭臉或態度不佳,反而對初訪的我和善以對,真佩服大姐的勇氣和豁達!畢竟5年不算短。
其實,晚餐時段是很悠閒的時光,闆娘可以不必如此急促,客人飲食的速度也是翻桌率的關鍵,大姐的服務不急不徐反倒讓我感到輕鬆自在,請到大姐是闆娘的福氣呢!
若大姐繼續服務,我會再訪為大姐加油。",
RIKA LIN,5,3 年前,"套餐大小很適合我，吃完讓人覺得很滿足。
菜是用蒸的料理，可以吃出蔬菜的甜味，但老闆會另外給沾醬，湯，甜品都可以續，價格可接受，每次去附近都去吃完才回家。",
Po-Hsun Chen,5,2 年前,份量拿捏適中，整體調味跟一般外食相比偏清淡。蒸的青菜可以吃出個別風味，主餐調味出色，對不喜重口的人來說是個舒服的好地方。,
John Lin,1,5 年前,"老闆娘從一進店就非常急性子，告知我們說如果等等客人愈來愈多的話，你們需要坐進去一點跟客人併桌，當下我們馬上理解並答應。
但我們在吃飯時壓力非常大，所以我大約十分鐘吃完先付錢離開，老婆跟小孩繼續用餐與其他客人併桌。 …",
宋明珊（陽明珊）,5,5 年前,"台式便當但真的很「精緻」，內用了話他會端一個黑色塑膠盤子，裡面有：
▲一小碗飯（上有少許滷汁）
▲清蒸蔬菜、 …",
Kana,4,上次編輯：8 年前,"相對其他便當不會過於油膩，很多青菜都是清蒸覺得健康。去多了阿姨還會知道你平常的習慣，很溫馨的感覺

後續幾次去發現⋯牛腩變的有點鹹，發現外帶的量沒有內用多，價錢也沒有因此便宜⋯",https://lh3.googleusercontent.com/grass-cs/ANxoTn34ZscNeb_zuGKRAPlAIC-tTggiJkIaqSZns1MEFmYPjIZGAXz6rSs_xMUcw_XHrhUwqak4okyyS6kcC6U54n0c33Jkr2ha6Bqqdlx9hcQ07FfK8FtOTvorgizOBUmdkRFzt18=w600-h450-p-k-no
Ann Liu劉力瑋,4,7 年前,"與一般便當店不同的是，配菜都是水煮，肉類多用紅燒或清蒸，口味清淡爽口，適合注重養生健康的人前來用餐～老闆娘很親切有活力～
但份量稍少，價位較一般便當店稍高100-150，不過還是蠻推薦，很少能在一般巷弄裡吃到清淡無油，無負擔的便當～",
Naert Lin,5,7 年前,烹飪方法較為清淡，卻又不失食材的美味，對於健康有所要求的饕客，不妨來試試滷得十分入味的古早味排骨，或是紅燒肋排飯，副餐的蔬果以蒸煮方式，保留原味與營養，蔬菜的新鮮度尤其重要。老闆娘也十分熱情，見到客人勤快地打聲招呼，感受的到人情味，安排座位與餐點，不太會有等太久的感受。而餐點大多以一百元為主，十分值得一嚐美味。,
可可,5,7 年前,"滿分!老闆娘非常親切!!
環境氛圍明亮溫馨。
重點是菜色一看就知道廚師用心設計過 …",
Jos,4,4 年前,"調味、食物內容很精緻，重口味大份量需求不推薦，但多樣性、健康、無負擔很推薦。

理解老闆娘想做好服務，但小空間對員工的指揮分配，在內用時聽到會有壓力。",
meo,5,5 年前,"吃了醬燒鮭魚～
菜盤精緻用心吃的到各種類蔬菜，
無調味清蒸但是有附醬汁自己調配😄 …",
Yushuan CHEN,5,6 年前,便當盤餐界少見的清蒸配菜，搭配特地調製的兩種沾醬，排骨鬆又香，連綠豆冷湯都不只是單純砂糖下去煮而是用冬瓜露。老闆娘百忙中還能不忘親切招呼問候，小巷小店能做得如此用心，實在不可思議！,
Jessie Tsai,3,2 年前,"今天去外帶的時候
因為怕會等太久
所以事先打電話去預定 …",
吳彥儒,4,5 年前,簡餐店的配菜用蒸煮的方式很健康，主菜選擇多樣，價格落在120以內，在這個區域很值得。顧客到十二點時不斷湧入，老闆娘跟店員服務很積極，會避免客人等待過久，很舒服的店。,
Paul,5,6 年前,餐點份量足夠 配菜是用蒸的 是喜歡健康飲食者的好選擇 健康又不失美味 如果喜歡很多醬汁配飯的人就比較不適合 照片是蔥油雞飯 口感很好！肉也很嫩,https://lh3.googleusercontent.com/grass-cs/ANxoTn10hLpW8TPztpjzsqy4akSmBbPbGgRrjqF64ZSFMQr__X8_xRb1gMzaZMuQC67_pEUiOuY2MmXtYgj4Yt5Pu4MTaaCraME9sYA9oQ69AhRr_sFJ_lir_S_4NTeO1vxj0MYM51U4=w600-h450-p-k-no
黃鈴寶,1,5 年前,今天在該店內用餐看到的情況：明知帶小孩用餐的女人已經很辛苦了，老闆娘還要講話態度那麼差！進店裡不是要吃飯不然要幹嘛，大聲嚷嚷問「小姐你要幹嘛！」，其他客人都不會被你吵嗎？不能輕聲細語一下嗎？不能放推車？收起來也不能放？老闆娘還說你不怕推走就放外面，反正裡面不能放！意思是要趕客人？帶嬰孩的人都不歡迎都不准進該店家用餐就對了？第一次看到那麼差勁的店家。以後也不會到這麼沒愛心的店家用餐了。,
Myron Tsao,5,5 年前,是台北難得可以吃到的好吃便當。不管是飯、菜、肉、蛋的份量都給得很充足，老闆娘人也很好，因此，在台北讀書的三年裡，這間店可以說是每天的健康、快樂來源，甚至陪伴我走過當時武漢肺炎人人自危的黑暗時光。也因此，雖然阿姨性格確實偏急，卻也因而替顧客減少了排隊的時間，以及飛沫四處噴濺的風險（很難不承認，在小小一間的便當店，當緊近的食客們大聲講話，這對身心靈不免都是一種危害）。如今，即便到外縣市工作，每個月都還是會回台北吃龍城。好店必須推。,
Aerin C,5,5 年前,"青菜沒有太多調味 能吃到食物原味
價格合理 每份餐點100-150 還可以免費加飯跟湯
老闆很親切  雖然外場服務生常常沒搞清楚狀況的樣子 被老闆念 會覺得服務生有點可憐 但老闆應該是好意吧
很喜歡的一家店",
Daphne Wu,4,6 年前,金門街龍城便當，雖然這家開很多年了但我今天第一次吃，所有菜都是蒸的，可以吃出菜的原始甜味，溏心蛋也軟滑好吃，飯有點少但是會飽（男生可能要加飯），8 準時點休息，今天剛好有一通電話 7:55左右來電，老闆告知已經休息後，對方不知在電話說了什麼，老闆客氣的回覆已經休息了你這樣是為難我，然後就掛電話了，也太有原則了，重點是這家看的是三立新聞，美味加三級，大推！！ …,https://lh3.googleusercontent.com/grass-cs/ANxoTn377qhtD11o9q-WOWm3zzdX0R2HaCK7jnuF2jpp1EhU_0544A7laGyrzDsPErZRxmHVEymT0pNHccJ-xiGPUoGxrgD_7baUfKoDQHYA5mpk6--H4VZi9DTvoTk5SDDN0bixk5l-=w600-h450-p-k-no
Irene Hsu,4,3 年前,"首訪
被門口pop吸引「蒸的蔬菜」
店裡絡繹不絕的客人 …","https://lh3.googleusercontent.com/grass-cs/ANxoTn3rHBcDGT33BjHT9MA9BRMwqcmWNRtraGub4WAV8yTWL8K5nL_sdowAnohkuhAuX7b4vStriOKqXQhNZyocCezQWUstZGUcn_Sj9ZwbncmlNFiI8Kg93BPoEYTe5xQuY1lqAoZ8=w300-h450-p-k-no, https://lh3.googleusercontent.com/grass-cs/ANxoTn2uJDAZPQfHc7kFTuURPWUuvxW5bJuYLj9MdT0ml3U1uitYE4GApCYW1BtA5SWUo1GKNz6vtlPDPgik4VJhvsThOt0ajvVnUJhIyKrpZf0y8aZChlUby4ODtZJ2c6bqw8WfNagN=w300-h450-p-k-no"
Jasmine Lee,5,7 年前,健康好吃的便當，感覺得出來沒有濫用調味料，可以吃得出蔬菜的鮮甜。份量不算多，但吃起來非常滿足。是想換口味吃健康餐的好地方。,https://lh3.googleusercontent.com/grass-cs/ANxoTn2NoX-mge4uyVJ2_XGzugdRGV3Ur_6ZYdZrW_g-ks8jImP3yO9mjEQXlTMg7xCKj0IAI_IySqYmVPn6K95E5ygPscxGfu-TV3-l9viVjSVDo7EylChgSOw7JjzfG59xTPa0227K=w600-h450-p-k-no
Shu-Ying Chen,5,7 年前,食物美味、女老闆態度親切，初訪會介紹餐點食用方式。過一陣子二訪時，竟然還記得我和朋友初訪點的餐，難怪我們一直光顧。我們最喜歡所有魚料理和咖哩雞肉飯，我對米飯很挑剔，他們的米飯非常好吃，不推薦不行! 很多熟客也常報到，怎覺得，女老闆每個客人都認識，好厲害!,
Catherine Li,5,7 年前,油蔥雞腿肉質結實偏硬，便當的配菜多樣且調味適中，店面乾淨明亮，有感受到店家從事餐飲業的用心！評價這麼高我覺得實至名歸～,
christy4504,5,1 年前,"營養健康好吃，吃得出來是精心設計的餐點。
老闆親切真誠的服務，印象深刻。👍 …",
Sharon Cheng,5,7 年前,菜是蒸的，很清爽不會油膩，價格也合理，只是飯量有點少。老闆很熱情😂美中不足是店內位子有點擁擠，且常常需要並桌。 …,https://lh3.googleusercontent.com/grass-cs/ANxoTn3MaLu35Re7D-SzvmbxBmXJGdbCcFS44qXJf7VUpRypIV76SLyytJ3ikBKonooLpMAfxixcg1fEUmdAEzTCryEp8P_qCJ5t13WktBpAD1KCEvdrSXqJH67U38zeDQi-lLz33-8d=w600-h450-p-k-no
Ching Chiang,5,7 年前,"老闆娘很親切 雖然講話大聲了點😂😂😂😂😂😂
記憶非常好 菜很豐富 好吃 …",https://lh3.googleusercontent.com/grass-cs/ANxoTn04nQeMinVJ_84zIN_j3zz8ZGkRTvZ-y5K86jajfCdAYLe5_fnTmruzFm9ntE9mlEL8kzvlc6gei9O009PWe8vFUcGknC3NnTJgP-6lmPJfe1Qnh5M-nbCEmFJ_a_sK65tQCONW6g=w600-h450-p-k-no
April Lee,3,上次編輯：6 年前,"高明地利用食物的顏色、種類和排列，來掩飾份量的不足。口味清淡，烹調簡單，健康訴求，明顯區隔。由於配湯十分可口，加第二碗湯時，以為自助，卻被糾正。續第三碗時，老闆娘遂浮出不悅的臉色。即使讚美她的湯好喝這樣的話，也不予回應。一餐飯吃下來，似乎符合對身體有益的要求，但似乎缺少什麼。後來在小吃店的蚵仔麵線和臭豆腐上，找到答案。
（2018/06/10）",
Shiba eat U,4,8 年前,外食族需要常來，不只美味而更為了健康著想，生病的時候、想吃清淡的時候、減肥的時候、路過的時候，這裡很適合，配菜完全清蒸的，醬料附在旁邊，但湯近乎無鹽無味，服務親切，清蒸魚肉有回家吃飯的感覺～ 吃不飽者飯可加,
Michelle W,1,6 年前,餐點普通，服務很蝦，吃不完想外帶結果店員不提供一般便當餐盒，只給一個小菜盒！裝完眼看滿出來的咖哩和料，已經快蓋不起來了⋯就隨便的敷衍說：「溢出來沒關係啦！反正下午要吃時直接打開就好。」Fine，走出去幾步路整個袋子全部都是咖哩，淹滿整個盒子。,
施筱麟,4,上次編輯：6 年前,多色蔬菜都是無油無鹽料理，附兩種沾醬，清蒸鱈魚鮮甜入喉，紅燒牛肉也到位，缺點都是主食份量太迷你。個人很喜歡餐後那一片西瓜，有圓滿的感覺！,
liwen Chen,1,6 年前,食物多樣化且價位尚可。但人一多，點餐不使用菜單，出餐順序亂七八糟。後到的熟客竟先出餐，提醒之後照樣送錯，自己記錯還一直碎念助手... 如果使用菜單點餐，不需只靠您老闆娘一個人記憶不是省事很多嗎？竟然可以順序亂到內用讓人等了快半小時！昏！不愉悅的用餐經驗！,
Maggie Lee,3,3 年前,"生意不錯，內用比外帶好吃，但內用老闆娘會一直瘋狂碎唸員工阿姨，講一些酸話，吃飯的時候聽著也是覺得滿不舒服
·
· …",
fang,5,8 年前,不油不膩。蔬菜清蒸沾醬。主菜新鮮現做。魚類好吃。老闆娘親切有禮。有湯有小甜點。不同於一般便當滿是油炸物的自助餐。超級喜歡,
Jasone Chiu,5,3 年前,可以感受到老闆的熱忱，跟體貼，感受很好，才雖然是清蒸，可是都很美味，我點的是雞腿，很好吃，唯一的缺點可能就是雞腿肉太少啦，我有點沒吃飽😂 …,https://lh3.googleusercontent.com/grass-cs/ANxoTn1gXBfF2oyRPVKP2t00lAiuAMO6SFbrasVTlqOVUHFajhg-IlG6bbQObe5Azg9i2kIIwHQ4aQgokiaaG4AOOe-Uu0ESHl9911ZdFLpiCD6JwfM8qJIoSKleYalYDqM4EQldNTY=w600-h450-p-k-no
Pe2 Nssh,1,5 年前,無法讓人認同的店家。看了評論想說應該是少少個案，沒想到親身經歷到貴寶店啊！吃個飯趕什麼趕，擦桌子趕客人最讓人不爽！才吃多久而已，老闆娘的服務態度真的非常糟糕。服務業做成這樣，不如別做！,
Shawn Su (阿輝),5,7 年前,"剛進入健身的行列，一直在找水煮類的便當🍱這間菜不僅有配色又沒有使用油，除了白飯以外還搭上地瓜等優質纖維澱粉

口味健康，服務親切。大家趕快來支持一下 …",
Han,3,2 年前,東西是很好吃，價格也很划算。不過，老闆一方面對客人過度熱情，另一方面卻又時常當著客人的面大聲指責員工笨手笨腳，這種詭異的人格分裂感，讓我覺得不是很舒服,
Wallis Lin,4,8 年前,蔥油雞腿調味較鹹，副餐小菜皆為清燙，清爽無負擔的餐點。 不過老闆娘對客人的態度耐人尋味。,
楊宜華,4,9 年前,"餐點幾乎都是100元！
平價卻精緻，餐點大多為清蒸，健康滿點！
而且飯湯無限續，相當得附近居民、學生的心，不過人多時，老闆娘接電話、講話較急，雖還是保有一定熱情，但我個人還是酌扣一些分。",
Joanna Hsu,3,8 年前,東西原味、健康好吃，我和家人常光顧該店，但近期來了新的助手，可能暫時跟不上老闆娘的節奏，在店裡常聽到老闆娘指責的話語，影響了用餐情緒。老闆娘原本親切待客，但可能求好心切要求員工，卻影響了用餐氣氛，非常可惜。,
池雨玲,5,2 年前,第一次光臨本店.女兒一直說食物很美味..餐後有甜點！整個就是很滿足..老闆娘很親切哦！期待下次再光臨😊 …,
Kandy C,1,5 年前,標榜健康食物但是實在難吃......吃完一陣空虛(both 肚子跟錢包）清蒸高麗菜，不懂為什麼切成一絲一絲，感覺是為了省成本. 雞肉不是現煮的，非常柴！寧願去前面全家買舒肥雞.....到底我中午吃到了什麼!!!!,
Ai-Lin Kuo,5,5 年前,溫暖人心的家常菜，健康美味，老闆娘很海派熱情，如果住附近的話我可以每天吃，主菜份量比較少，胃口好的人可以點2份。,https://lh3.googleusercontent.com/grass-cs/ANxoTn3aamBgaLXGL2ARivPQ3m8Yej4TUKlAzpA79fW4L86VNuPYaF0CfTiBtJD7HXRW1oHXqJ528BfJwGvU9cjA3BkL5WvZHHtjTyG6jg3pRfBGoz35WCnCZua2Nh6CTRpOms2JFm1uHA=w600-h450-p-k-no
chin yu,4,3 年前,"內用的配菜是以清蒸的青菜為主,搭配特製的兩種醬汁,再加上不會死鹹油膩的各式主菜,大推",
UHAM,5,5 年前,本身並不愛吃蔬菜，但蒸的南瓜、地瓜、茄子等都可以吃出食材的鮮甜味，主菜紅燒牛腩味道也不錯，相對價格而言有點驚艷。,https://lh3.googleusercontent.com/grass-cs/ANxoTn2hX2g-l1qA0jmAHoXBvuI0vuon7cFm-ygEZ1zrNP1hoHM9m163W8xrPkddQwTC-m_JLKgWc2C66wnUPigNITKrDvR7wEsiI_JhhfbjwSl0xcyPUOdwy0PZpfSVJMl1AXOLpxTj=w600-h450-p-k-no
Charlene Lin,1,1 年前,對客人叫親愛的，對自家員工不耐煩，在店內用餐，短短15分鐘，會經常聽到老闆娘以高亢的音調指揮員工,
張晏甄（Rosamber）,5,6 年前,多項套餐只要100~~料好實在，非常好吃!!,"https://lh3.googleusercontent.com/grass-cs/ANxoTn1IBRpM0ZHBUsljq_AwgT0tDpcTVLnJnEkntCAJJ8eZqR7SX6HKKYM-VxDgsG_9S6hZZ6MphUiHFAD1NWga43Jo5V9flYEN-TaTyE7xvb_ppLPA89ZgR9sA6IrD2CjIFCYUJWLihQ=w300-h450-p-k-no, https://lh3.googleusercontent.com/grass-cs/ANxoTn1XOTFiJd1HSElZzB2hU9NPI6E5bIVNWZDK1XA2aepGF_07kkdyPW_E1Iz0fQUc7vLBsd4Lu-yaJJ0B5ufatum5Oa6YR_20FEWokpsf81dsN_lQDRjuVE_1XwbVAnSrK27aGaTR=w300-h450-p-k-no"
chenching tsai,5,5 年前,注重養生的人會喜歡，點了蒜泥白肉，雖然肉跟想像中的豬五花不一樣，偏赤肉感，但跟菜盤一樣都用蒸煮方式烹飪，自己酌量佐醬，是很舒服健康的吃法，偶爾想清淡飲食降低負擔的時候會想回來吃,
Anthony Anthony,5,2 年前,老闆娘服務周到，給人溫暖的感覺,https://lh3.googleusercontent.com/grass-cs/ANxoTn2FC539ejQA0uoYelMOY6KQrKS7MbAK_ubVtteAFsBASxYn_iUZgy8zDPGUbFMAR8rqjdu_M2sNAkXT9l7EigjBuNOhC5yWvaOX15IY16_GQmcT9WkwgG2nKNi41Fyn3MBJmn6i=w600-h450-p-k-no
阿雅,5,5 年前,青菜用蒸，清爽甘甜，並附有二種醬汁，主菜多元我都很喜歡，白飯不夠還可以免費再來一碗，老闆也很親切熱情招呼,
Fang,5,5 年前,"終於有吃完不會上火
又能加飯的便當",https://lh3.googleusercontent.com/grass-cs/ANxoTn1b2Vn1LaYgyXMgSi4izHJjFjF4I9CH1PZXpeusUoceril_XkJmbFqGXNVtcmMMQpxaKAf0WPLEYSVlFdUcd_DLFaFh0nkjAHrF06PLJpuU2KhZ2iKS9jc6UEA44jOQ-LTnV2w=w600-h450-p-k-no
許佑,5,5 年前,當時還吃了咖哩飯，咖哩的味道十分熟悉，跟國小營養午餐味道一樣。但是這個雞蠻好吃的，配料也還蠻豐富的，只是湯是冷的...,https://lh3.googleusercontent.com/grass-cs/ANxoTn04CoDOSYpV0K2xgLa_MVqF0GM7Fi8qgl_VkFyVrWSNRCNoiUls3vNsXYJNy-fiQard5_ICzxPYYUYiL0FVSA6fTSYU1eRftiSM-CtJWWiJmqRPvbR33XCZ59JrE__xUXoGBSV7=w600-h450-p-k-no
louis Chen,5,10 個月前,"餐點精緻健康，阿姨熱情態度很棒
絕對滿分",
高雄-陳沛宜,5,7 年前,"健康好吃CP值高
阿姨超親切
飯湯不夠都可以免費續 …",https://lh3.googleusercontent.com/grass-cs/ANxoTn1Rvt9083Np9UOags9llHQdgxnpgAOlmDyuvBqJowm3IfjuZ0Uw3Jv6yy5Kl59mPxJroeW4GIQ5hQO_LUvj0oj33w0ZZqAHoTj-qi5ORIioRyAhnHri8pSnppuq39Zs3dQeOzr9UQ=w600-h450-p-k-no
Honda Liang,5,4 年前,蒸煮風格很健康，簡單調味不失美味。續湯續飯有飽足感，還有小份綠豆湯,
I-Ling Zeng,5,6 年前,老闆娘超熱情，會記住客人很溫馨。青菜水煮很健康清爽，主菜肉類好吃，有附一個水果，可續湯續飯,
司法官司訓,1,5 年前,《防疫破口店》都肺炎時期了 老闆娘還用客人吃過的飯碗直接加飯 等於飯匙上沾滿了所有加飯客人的口水！等於整鍋飯都是口水大染缸 太噁心了！加飯應該要用乾淨新的碗裝 再倒進客人的碗啊！,
Kristy Chang,3,4 年前,"食物CP值高 菜盤有多樣蔬菜  口味以便當店來說還不錯
人多的時候會等比較久 還有可能不小心跳過你點的餐
老闆娘記憶力驚人 但是對員工態度不佳 對客人問題回答時也比較酸 如果不喜歡吃飯一直聽到 闆娘催促的聲音 可以不用考慮這家～","https://lh3.googleusercontent.com/grass-cs/ANxoTn1EzE2oKL_GStgCt-UE_XDUVGy8bWlOgKYXNtisYUnCo4ppzTNxRTW7cr3_44s1gpxewPLSGUKiPrS1Gw88bu7pX9Czps3KdDma0ktE0DEQI-P5QzVeIftsBdcyYAQD1-uoVpBN=w300-h450-p-k-no, https://lh3.googleusercontent.com/grass-cs/ANxoTn1cOHytJGT1c91UcTnt2V7u_G4A92i1nlYvm4sBGCmn-MMoR6GQJcDEmbl38zCIHyXynIr206Y4FkNmC3CIA7geUmJq4r8IlnkTE7nnxkS5qOZet71Dwpuxw1oiqZWi-nGqEVAZVw=w300-h450-p-k-no"
Chang Teresa,5,2 年前,好好吃...配菜新鮮用心有家的味道！感覺來的都是熟客 一到用餐時間人潮不斷~好讚！,https://lh3.googleusercontent.com/grass-cs/ANxoTn20BPcDvS_e6XFis0Lw-ChMsCJkjR8nr7hPZhROSRhqWPczuC1h8t0YhpmHKT7kNQJ7ohdNwFrLGZj7ix6V5V-XqX5GuyewcEGCZ3tBB4OnznbxFxJIpBPdpcQVYhk0fMgc-K4gyw=w600-h450-p-k-no
YiCih Lee,3,1 年前,"餐點ok，類似健康餐盒
老闆娘對客人熱情，但一轉身對員工會一直碎念，影響內用客人的用餐情緒",
Yushan Wei,5,5 年前,以水煮餐來說是目前吃過最好吃，也是現點現做的，店裡的餐點都很好吃，雖然份量不是很多，但是菜色很豐富，每天吃也不會膩。,
Joe Hsieh,4,上次編輯：8 年前,飯不夠可以加，不吃的蔬菜也可以換。阿姨相當親切，像照顧家人一樣招呼每個用餐的顧客，更重要的是健康好吃即便價格略高但值得。,
Tina Lu,5,9 年前,店內享用可以有甜點，帶走並沒有。餐點都用蒸的，相當養生，沾醬提升味道非常推薦，要添飯加湯都可以。,
吳健毅（TauYenGuei）,5,7 年前,"1. 食物：蒸煮清淡，在外面很難吃到口味這麼清爽的。
2. 服務：阿姨非常有禮親切，而且再忙碌每桌都還是會奉上茶水。
3. 餐具：內用皆使用環保餐具，連杯子都是瓷杯。
飯、湯不夠可以免費再加。",https://lh3.googleusercontent.com/grass-cs/ANxoTn17fhqpUQX2tD8XUOFDNaNmEgcBokBkvebV9SAWAGlF8htMCtobTMHAlkUwMrVH2XMMVRzYDTD9_qY9nu9xv0oA9aCdBqeKCr8RPrCdHQPLu5QkSieu-oJyLN_JDSGHpnf7Y1Md=w600-h450-p-k-no
Felix Lattice,5,7 年前,配菜是用蒸的，健康，好吃，並且不像一般便當店油膩。五色蔬菜，加飯加湯，很棒。,
發揮神力,5,7 年前,今晚來此用餐 點了－客味噌鯖魚飯及咖哩雞肉飯 所附的蔬菜都較清淡 覺得比較好 很棒 ！店内空間不大 上菜的速度滿快的 整間店清潔明亮乾淨,
"潘彥維（PAN, YEN-WEI）",5,10 年前,服務態度親切，滷汁飯跟湯可以免費續。食材主要都是用蒸的，是附近上班族的午餐熱門餐廳，推薦醬燒鮭魚、紅燒牛腩。,
Aileen,5,6 年前,"清蒸的蔬菜沒有過多調味就十分好吃
可以免費續飯跟湯對食量大的人很友善
老闆娘也很親切熱情 會再去吃",
Jason Chien,5,7 年前,真的相當美味又營養均衡的快餐店,"https://lh3.googleusercontent.com/grass-cs/ANxoTn3qQ7JHLRFHCts6Ar8IxJtfIeqRwfOzdN3YWHMOYPASdqQMNl9TMBybhF7nPS9wTEo30wftfDykQiIJyfSeIhzZkewNeG0hH_JFOfyRwacaxYr3ABRHxJgpDLA23C9So5Nep-M=w300-h450-p-k-no, https://lh3.googleusercontent.com/grass-cs/ANxoTn1WQ6bIniZCr1hH1It5hYrwQddKjRrdjWOJ50K3SOHWuknB0v0LAoFH2QsHacI7i7_pfPc78c53aJv2tKOYid2sdSZPQ0iTsD4YeoBavdwP8NM282j3Eua8e6B6hdLobFVqlspd=w300-h450-p-k-no"
South Road,5,5 年前,愛店~~真的很好吃，食材好吃價格又實惠，健康的蒸蔬菜對租屋外食族真的很需要！店內氣氛也很好，有經過就會進來吃，真的很感謝你們經營好店~,
游佩芸,5,9 年前,"食物：很喜歡水煮的菜，醬汁兩種可沾（一個有加香椿）湯也好喝還附綠豆湯
只是點蒜泥白肉似乎沒很多蒜肉也較硬
下次會點魚料理試試 …",
Weikuo Lee,4,上次編輯：6 年前,蒸得好，乾淨、清爽、好吃！期待老闆娘少用高音說話，若是稍微調低一點在店內用餐意願會更高！,
王尹伶,5,8 年前,料理或蒸或煮，蔬菜盤可見巧思，健康不失美味，老闆娘親切好客，以100元的價位而言堪稱傑作。,
Yujung S,1,7 年前,極差的服務態度加1，打點話去訂便當，原本的選項沒有了，再考慮下個選項時被催「快一點」，於是掛電話，第二次打電話過去問才說不到幾秒時間 ，女老闆居然很不客氣說「還要再問」，把客人當什麼，常常我覺得她對客人的態度都是裝出來的，真正的本性流露就在於對員工的態度上。,
eastwind Yeh,5,8 年前,從傳統便當店轉型為美味的健康料理，食材全是用蒸的，保留食物原味，蒸香魚很好吃。,
Daisy Chen,1,6 年前,"蔥油雞份量超少，薄薄一片還會柴
蔥油炒辣...沒有蔥油香
菜量份量也不多 …",
張新霓,5,7 年前,網路上說這間店的蔬菜用蒸的，特色是清淡，令人驚喜的是餐點非常美味又健康，沒有過度調味保存食物的好滋味！！,
Stanley Jheng,3,5 年前,"健康實惠，但建議外帶！
老闆娘對員工的態度要多兇我就問😅
急到不行嗓門又很大聲尖銳，讓顧客吃飯壓力超大會消化不良那種... …",
Nurk Abadeer (Nurk),3,上次編輯：8 年前,口味清淡養生，價位都在100上下，且配餐十足，鹹湯甜湯一併俱全。但是不推薦口味重，且想吃到特殊料理的人。,
Kaori Yeh,5,6 年前,老闆娘是大家的第二個媽媽❤,https://lh3.googleusercontent.com/grass-cs/ANxoTn0vhwqtMrJOyH8I3eEFw3VHM4SjEFfBwN5YXeuy93yY1er8kuR7SQvifNIU2HP7Qx3IYRPV-9KvaY6w4VyNyjpZD1eceLU0MC5FvmNpI5TvDre5fbAzRGwPGVD955Zfevi9cmUm=w600-h450-p-k-no
ApriL W.,1,6 年前,老闆娘對員工態度不佳，菜使用水燙的搭配醬料，份量少、吃不飽且也不太美味，過去的配菜多半是用炒的，幾年過後沒想到配菜改用水煮的，而老闆娘對員工態度依然很差、分貝高，用餐時令人感到很有壓力且不適。,
Kuanting Wu,4,2 年前,"老闆娘很熱情、服務態度好
但對員工講話真的蠻不客氣⋯而且很大聲用吼的
搞的客人很尷尬欸 這種雙面模式不敢恭維😨 …",
Nien Chang,5,上次編輯：3 年前,學生時期住在附近，經常去光顧的健康便當店，老闆娘即使忙碌也非常親切，菜色對外食族來說清爽無負擔，最喜歡蔥油雞大推！,
陳善謙,5,7 年前,環境乾淨，位置狹窄，餐點精緻賞目，食材也很棒，但對我而言，量有點嫌少，雖然可免費加飯、湯，但總是不方便，食量較少者，倒是很適合到此用餐，還有附甜品呢！很棒！,
松江鼠,4,2 年前,"餐點很簡約，主打健康，擺盤好看。
價格合理，醬料有點多餘。
服務有點點壓力😂 …",https://lh3.googleusercontent.com/grass-cs/ANxoTn2t1leyAM6fYjLgoV2YPWlW4WBpymk1W6_QaS4_bHMZLJuolHh0ZtdGht7TZptpmE59g1n-r0UQzCe0YZwg-1009XPHuX3sOBMYzrFlrp2biT0VeHtAufhZPAQql4cj-o_Ja8Q=w600-h450-p-k-no
chen Siegfried,5,9 年前,出餐迅速，配菜採用蒸熟的方式不油膩，利用沾醬調整口味，排骨也不會太老，飯湯都可免費續，是個快速用餐的好地方！,
W.C. L.,5,7 年前,一個人100左右 有一盤蔬菜 鹹湯 甜湯 飯 肉 可加湯加飯 cp值高 蔬菜都用蒸的 清淡不油膩 肉也弄的很好吃 且服務親切,
Han-Ping Huang,5,4 年前,覺得奇怪為什麼只有4.3星，對客人親切且記憶力超好的闆娘，菜色不僅少油鹽健康還很豐富，重點是價錢十分親密，很推薦的吃飯地方！,https://lh3.googleusercontent.com/grass-cs/ANxoTn35xNIxc0HOGtsK65Jw6BLOYkds2wyrZIgvnKhW8rIJy5T2QMf5SNT0qxy5QIcflmaeYYSqFpeu2c50rVB9DFz4KtliJfcYYiUkxePwJoCpkHi1mKMSQkI9aodZDGtBvb_stH-INw=w600-h450-p-k-no
Hathaway _h,5,5 年前,餐點清淡美味，吃的都是原型食物，很推薦外食族偶爾來換換口味，還提供免費續湯續飯的服務，絕對可以吃飽，價格合理。,https://lh3.googleusercontent.com/grass-cs/ANxoTn02EOKcEdYuolPdiQe8oF0JKTebxgZsd1W0yO609i6ODqKWP6hpf1fe8w2QnTbZSl0Zh4HBPKupK2rHLIyx8cBkzP9GJr4v-AA1U4Mim82Y_X-ngmKOS6pfnagvg3pQduYOsUCb=w600-h450-p-k-no
Aesy,4,7 年前,晚上這兩天經過都有營業，5:30開始（google營業時間似乎應該更新），沒多久就客滿了，點了蔥油雞腿，非常下飯，配菜清爽夏天吃很適合，湯也好喝，很值得試試看所有餐點,
SU WU,4,7 年前,服務非常親切，充滿媽媽感的店家，蔬菜用蒸的，喜歡健康蔬食的人會愛這家店，不過客人有點多，需要等久一點，雞肉有點小硬。,"https://lh3.googleusercontent.com/grass-cs/ANxoTn1AI5x8TL7_IWBy0zdAt59trwP5QDWdVHYJVK32qxNSE99JJhG0qo98-41c0FgvNmg1rBwc0ntc1B8ieTOLfweljs2kKDpSkXFvmQPgP0fOv3F0GUQsze7VZnLABwejL64xE4kqlg=w300-h450-p-k-no, https://lh3.googleusercontent.com/grass-cs/ANxoTn1ClqRRcxswBpoe8eV79rnC16tFtYZmAiePxmONHOTPqWMg2MzZlhHCPX_-7UnA6CQEiu4OBCy64M267MZ8n6majGLSIZCt7cV3HKI2FYrd84Qyift7byHlb5WRYA4FppRC9hIQ=w300-h450-p-k-no"
Rong Rong,5,4 年前,非常好吃，連配菜和附贈的湯品都非常用心不馬虎，老闆老闆娘都非常和藹可親，會想一直光顧的好店！,
野森,5,上次編輯：8 年前,可以感受到店家的用心！主食和清蒸的菜盤都很好吃，每次用餐都很療癒~阿姨很親切！ˋ 又 ˊ b,
Hero,4,上次編輯：6 年前,"菜都是用蒸的，吃起來非常爽口無負擔。
但家中有小小孩，或是不受控的小朋友。就不建議前來。",
ling chuchu,3,6 年前,"食物很好吃很健康～
但老闆娘很急聲音很大聲
對助手阿姨態度很不好 …",
Manic Peng,3,7 年前,標榜用蒸的配菜還蠻特別，但主餐沒亮點，套餐超過100，性價比就普普了。,
C L,2,4 年前,"蒜泥白肉沒有蒜泥醬油，那為什麼還要叫蒜泥白肉…
會讓客人誤會和失望！",
CH WEN,5,4 年前,心目中完美的日常飯館，店員親切溫暖，環境乾淨舒服，主食調味剛好，蔬菜盤以原味呈現，調味自己沾醬。,https://lh3.googleusercontent.com/grass-cs/ANxoTn0x3ObxVAi4YMR3gz3gPbOGGLSt7GKI678W7Rjrgp14CSmbVJrX8xOWV_cr6wy3G8_TX-ma4gGub_PTS21_4nC0baJpBm6h6TCSB0ii5mZkGzguOSf759vO3rx3WsKhKVeOIGSA=w600-h450-p-k-no
Chien Wang,5,7 年前,健康、清淡的外食選擇，而且價錢超實惠!蔬菜都是用蒸的很健康。老闆娘也很熱情。,
Ting Tsao,5,7 年前,內用白飯、湯都可以續，主食與菜盤清爽美味，保持食物的原味，吃起來無負擔。特推紅燒牛腩！,
韓吉,5,7 年前,蒸煮的健康便當在這裡。老闆娘嘴巴很甜很會招呼客人。（對我來說有點too much ）,
Chung Shen,4,6 年前,餐點精緻用心，老闆娘對客人很客氣，但是對員工急燥，是比較可惜的地方，因為小小的店內用餐空間，氣氛常搞的很緊張。,
Angela Lai,5,8 年前,精緻乾淨、清蒸的菜香甜不油膩，主食有魚有肉美味好吃！是現代外食的好選擇！,
Fong Yen,5,3 年前,住附近很多年 第一次來吃 店內阿姨人很好又親切 還多給了一碗飯 推油雞 營養又均衡,
林晉平,4,2 年前,東西好吃便宜，但是老闆娘會一直念另外一個員工，讓吃飯環境變的很不好,
Chieh C (巴賽金高銀),5,1 年前,食物清爽好吃，阿姨都很熱情。會願意每天吃的東西。,"https://lh3.googleusercontent.com/grass-cs/ANxoTn2LKchPOqLY11mC0-Z9qgwRb3CwikgnoJxoZz6Kau7FbS4jcoZw1wvU5vg4ZZFG0jf05vZlhPQEmnYc_xiieCe4xcLwIpRku4jt6C3H1WavxM2HowmD_ZCcc2BrXFCKmg7aJ54A=w300-h450-p-k-no, https://lh3.googleusercontent.com/grass-cs/ANxoTn3t5g3BxsV1YRRBzt221dSNwbtjCohX4aXjJnsSYqRkCALgzJY64-wiNK4iAIZLpFuTUPTRJGZfkMNnGsy_mlvuh8Y5JeDLb62KknrnKLPTiu1CaDraq4STPm5bD6foiTBafmrr=w300-h450-p-k-no"
許端之,5,9 年前,菜色清淡美味，難得在便當裡吃到清蒸的蔬菜！價格合理，店內用餐很溫馨：）,
cheng jeffy,1,5 年前,老闆娘蠻急性子的，最好不要吃超過15分鐘，否則老闆娘會想辦法辦法逼你走，例如請你換座位，或是還沒吃完就過來擦桌子，吃了也消化不良，一點也不健康～,
Wang Tina,5,5 年前,難得台菜便當有蒸煮菜，口味都不會過油過鹹，吃起來無負擔，擺盤有日式定食感,
Michael Yen,5,上次編輯：9 年前,感覺得出店家的用心，青菜應是水煮，清爽不油膩，點過幾種都覺得不錯，值得推薦。 #LocalGuides,
Chun Eric,5,8 年前,"以前全民大悶鍋有推薦，近期從傳統便當店轉型健康料理，食材全是用蒸的，保留食物原味，好吃，大推。""",
Erica Shih,5,7 年前,好吃又健康，配菜都用蒸的並附沾醬，老闆娘又很親切，上班外食族好選擇,
Yu Yu,3,6 年前,雖然喜歡吃清淡料理，但價格偏貴，菜盤份量又稍少，女老闆一直在催促助手，整間店的氣氛不佳。,
Anniece Liu,5,10 年前,2015年中改成以蒸煮為主的健康料理，主菜有三四種魚類可以選擇，外食的好選擇。,
Polin Liao,5,9 年前,內用菜盤全用蒸的，主餐也大部分是用蒸的。外帶也可以請他們出蒸的菜。可以吃到食物原味，讚讚讚,
Hui Hsuan Lee,5,4 年前,阿姨人超級好，不要飯也可以換別的，價格很親民東西清淡不油膩，大推,
陳映如,5,8 年前,滿不錯的，小巧精緻，可以加飯加湯,https://lh3.googleusercontent.com/grass-cs/ANxoTn1AI8nK7n_cpnONL4FoeGX9LX9gD2f6_NhoD0o0YZW5ms666213V9V15EJVrRz4i00Rc5_oHwhRBO-xZpnjfbxSNRWe_zHtQuC9pos-M6NHRGSqK1Y3jghYIYZsldKsNGXJM4521A=w600-h450-p-k-no
Tommy Lin,5,上次編輯：4 年前,東西好吃健康，種類選擇多，除牛豬雞肉外，光魚肉就有好幾種可以選擇，環境清幽，可以常去,
周雅淇,5,7 年前,一份餐點包含白飯（可續）、好吃的肉類主食、多樣清蒸蔬菜、小菜、小甜湯。每樣都清爽無負擔，好吃😋 …,
Chih Wei Kang,5,9 年前,"蔬菜是用蒸的，搭配醬汁非常好吃
飯可以續一碗，主菜也很美味
價格偏高但值得",
LKK,4,7 年前,用蒸的，少油健康，味蕾吃習慣原味就不會覺得無味。溏心蛋好吃😋 …,
Ziv,4,7 年前,"蒸煮料理健康又美味
擺盤兼顧色彩與均衡
店內很難收到網路訊號
人多的話會等很久/也要併桌",
