Username,Stars,Time,RawTime,Text,Images
Fan Yi,5,2026-02-19,3 個月前,"店員介紹很親切～
實際到快九點還有營業喔！
有需要可以提前電話聯絡看看",https://lh3.googleusercontent.com/grass-cs/ANxoTn1-FkNekK4eImvQyoKJlGX9ae5IHy3tV1ahNL-_aaODvuKuI-OsddUrdHHVIDTt4uIhKgyoi2NnrAGR4Fwxyr8ylEX6wS5mG6T4I8c8Qyi2xoKLK9nD-clT1HytUNVM0IA7Af4niDUgUtYC=w600-h450-p-k-no
Ash,5,2026-03-19,2 個月前,"前身也是連鎖飲料店
現在有買五杯送一杯原茶活動～",https://lh3.googleusercontent.com/grass-cs/ANxoTn0pOK_vcO_S1FbcfSF1NqhPg5m4mqZ0QtyhTdeCqNE1tkyv8lQZ89hB-LNU98qDd01qPAZUFK89oSdMF-aWVPXNeWpoD3U6zmhEqtnG5YiuvYbDs-aLIFUJQfI1TvePB7Xkn8ZkQoiGoQo=w600-h450-p-k-no
帥ㄚ盛,5,2026-02-19,上次編輯：3 個月前,店員親切 價格實惠 東西好吃,https://lh3.googleusercontent.com/grass-cs/ANxoTn0jW91FhJLXPMH95y59a3k2MMAsslOKLVg-SrNU3vsvHVDPUn5UzEDQjusoY8XNqzyEzIOdjKOdscZciODRf7WBUJ57DjikGJFmbS5UzmnX5wt3yo182dT3Y9Kgl8h37JQ3VM6igvkK3rE=w600-h450-p-k-no
Lin Winnie,5,2026-02-19,3 個月前,"愛杏仁的不要錯過
杏仁奶蓋超級搭
好喝一直喝
一口氣就喝光了😍😍😍 …","https://lh3.googleusercontent.com/grass-cs/ANxoTn2teaFwaHXqx799K8_Y4m4H5PdNALPrSY-qZawP6SOzAVntfXZx5Ia8z_DlGBa-m6P0tSqrO13ST_JN0Ll4CRTV4OqKwS6oqzrLrrV0IrTh9Nt4svoNRD1491rYCzgH5OhguBZ8nrd_6eHk=w300-h450-p-k-no, https://lh3.googleusercontent.com/grass-cs/ANxoTn33oOSf6vbauSKMaA2iKokeHw4DI6wEENiKsSck1TixPcEyAr_kOaJnLYChL_UEDyB1JQOVKQIUz0H5Zpkr1xc79ldg8CF3DA72yZ43us_FpmXQsH6cO5kpP7_jzTWrFBko4CFYSXXyizA=w300-h450-p-k-no"
銅鑼燒扛面紙,5,2026-02-19,3 個月前,不要以為地址是巷內喔！茶沐可是道道地地正大路邊的店面 老闆對茶的比例要求 10幾年手搖飲經驗 讓每一杯都是滿滿的黃金比例👍👍 …,https://lh3.googleusercontent.com/grass-cs/ANxoTn20jEqmMlZMZrZww9LrAjEnhlRUIGrLyJu80c1TNDKielCes_aV-wISeOFuMvty0mtuUROqfvJJ7EdLF49HpIj0u-lfBcceTjMF91JilMOcj7vB7mO6XwVAjGBWcxS1lkf1lwxTwR1ofFyz=w600-h450-p-k-no
心彤,5,2026-02-19,3 個月前,"店員人很親切 熱情
飲料很好喝！可以常來",
yuan chao,5,2026-03-19,2 個月前,點了多多綠茶，口感香醇，酸甜交織，讓人一喝就停不下來，另外同事點的甘蔗青，2位不約而同都說好喝，還有奶香紅茶，茶香奶味互相襯托，真是讓人回味無窮。,
肖佳妮,5,2026-01-19,4 個月前,環境乾淨衛生，店員態度親切，奶茶物美價廉，已入口袋名單,
龍之波動波加曼愛好者,5,2026-01-19,4 個月前,"新開幕沒多久來嚐鮮
服務態度很好～
有機會會再光顧",
Vivi,5,2026-02-19,3 個月前,服務親切，珍珠很Q喔！超級好喝！,
米香,1,2026-02-19,3 個月前,爛店  外送都做不出來了還在接現場客人  有沒有用腦在經營？？？,
咩咩,5,2026-01-19,4 個月前,點了溫奶香紅茶2分甜，好喝,
陳冠碩,5,2026-02-19,3 個月前,裡面聞起來很香，喝過一次很好喝,
Adam Lee,5,2026-01-19,4 個月前,"飲料好喝
也便宜",
王郁淇,5,2026-03-19,2 個月前,店面非常乾淨整潔！,
白米riceee,5,2026-02-19,3 個月前,店員待客親切！,
Daniel Huang,4,2025-12-19,5 個月前,甘蔗檸檬好喝,
林芷伃,5,2026-01-19,4 個月前,茶飲不錯～,
王廷恩,5,2026-02-19,3 個月前,服務態度很好,
黎氏紅絨,5,2026-01-19,4 個月前,我很喜歡,
阿捷（Ryan）,5,2026-05-16,3 天前,二訪很多次了，覺得很推好喝,https://lh3.googleusercontent.com/grass-cs/ANxoTn1TSNeRQKMJ91gMGCZ0NJOAuFC3n6AFEhEOk2meP3BlyIx1b1TJLZuGK4xe-2fU9iVuYyw9oG435XimIt9pQqeMPclEV7jvl53iijU8wcrX9XCDKwK75dyltgdhd_py0MvkMEue3jJUCqJC=w600-h450-p-k-no
tina liu,3,2026-05-13,6 天前,茶有點苦澀….,
黃淨蓮,5,2026-05-12,1 週前,很好喝！！芋圓很好吃！,
Brian,5,2026-05-12,1 週前,杏仁奶蓋好好喝,
簡.,5,2026-05-12,1 週前,超級好喝！杏仁味很重，奶蓋也很好吃，超喜歡😍😍 …,https://lh3.googleusercontent.com/grass-cs/ANxoTn3uBnKF8RrnxH20nL_7UbNIAWfR2lj-3ivci5AbfnpPgaQTHKnVacra-KUHQV913KEjYrWOQ7W5ojFu95VD7HHCGYbIrDTnjp17Q8vKh5OaACaaqfc0pJd8qMGUVKdzJXJ-lc5ai7pnW-mM=w600-h450-p-k-no
王玉貞,5,2026-05-05,2 週前,好喝。服務好,
Kevin Chang,5,2026-05-05,2 週前,愛喝杏仁茶的我，從沒想過杏仁與起司奶蓋的組合是如此的般配。奶蓋非常濃厚綿密，帶點微微的鹹甜感，搭配上底層杏仁的溫潤香氣，根本天作之合 ，杏仁控推一個！😻 …,https://lh3.googleusercontent.com/grass-cs/ANxoTn0VkP6MxE-Ef1nTBN1uygaF9LFKySOqhi0M8YzOBA82PUl9Dr1TAtyuS6oF8FB2pRtSu11B8rNpaB6h6LvNrn-j08FrITAjOJ8Lo8r-WEX9jCmNKWz4y9dGteYeJLd48FKHVymmm_tUuRMe=w600-h450-p-k-no
Tzu Tzu,5,2026-04-28,3 週前,杏仁起司奶蓋真的很好喝！必須推👍 …,https://lh3.googleusercontent.com/grass-cs/ANxoTn3rIiOVceomNByPyPF78CNfmSwRVE-Aws8SVGIN9PvoMuPS9tL5fVTBoZ0tSQdeRXYc8g_u9lgZsbkcGlFeOrrctJxYD2g30F3euEmDKeipVQFaZBkdov10S-pfKMHiK8_TvLK8NEb-ozwP=w600-h450-p-k-no
楊雯雯,5,2026-04-19,1 個月前,雙圓奶茶真是好吃又好喝，入口幸福感倍增，超讚的啦😄 …,
黃莉棋,5,2026-04-19,1 個月前,珍珠好吃，店員態度親切，還會回購！,
Ning,5,2026-04-19,1 個月前,每次去都是喝珍珠鮮奶茶，點過紅茶湯或烏龍茶湯兩種都很讚，就算點無糖也喝得到茶香，不會水味，珍珠很Q又超多，現在是口袋愛店。附近眾多連鎖飲料店的品質飄忽不定，巷這種好店需要更多好客支持，大家才能喝得長久🥤 …,
高瑞南,5,2026-04-19,1 個月前,店員親切,
Param kuo,5,2026-04-19,1 個月前,奶蓋鹹香濃郁 好喝,
Q寶媽,5,2026-04-19,1 個月前,杏仁起士奶蓋的奶霜很濃郁，杏仁味也很香醇，真的很好喝！推一個,
CW wu,5,2026-03-19,2 個月前,"店員很nice，有些加料品項可以選擇
推薦大家來買",https://lh3.googleusercontent.com/grass-cs/ANxoTn2Y7GlV5al94ZtJzqY3YXjKmEcJLxwqa10SRmmsU1pVoNGPHkiPExH1g3sDaWduhEzXlMjPCUCRt0HYOqp8lQAoTlZ64SkA922ktP_CUk1ghvsutGxSZis8muPGA3IPCGU4hA8DhTzL2-wL=w600-h450-p-k-no
李貫維,5,2026-03-19,2 個月前,店員人很好,https://lh3.googleusercontent.com/grass-cs/ANxoTn0NTmDRRGOt5YKddqhuDvnfoRqMrEM6BsRLKTdF7bnrOzQIq_5IkQ2q33n5GxvCposMjEgNTWvLZcRuPlodYNpSNGDB7UBHVrlbjqNWA_kqIRC-0jFG8Ac6BrhxcgR817qGnvZlpSmO3B2G=w600-h450-p-k-no
藍欞,5,2026-03-19,2 個月前,飲料真的很好喝～老闆人也很帥😎 …,https://lh3.googleusercontent.com/grass-cs/ANxoTn1lm6jEljZUTm2Xo96Hw7K6v68542U7H-_KaBw7W4BBGOhy91j6KtNzUQsVjEGby6H9vo9yp34d0SF_voJ9ilr9ZtTzRK2HyPpQt9SgJzrx3faDNuxPwhew6EpvnXIngCSaHswcIIUfIUXx=w600-h450-p-k-no
so soay,5,2026-01-19,4 個月前,奶茶真的很好喝,https://lh3.googleusercontent.com/grass-cs/ANxoTn3tfaEpOwINPUCQ6M9vbybSIJwppxuidksZtIbo3TAajj-SwKN7Yhq5FDcPUuQjBNPApd2OUGWIA9gDYgJctNT9lDGxpz9X8nn2PrwDjdYi2xSs5QEBgS140Kvg4UZWisITS2W7m_J6_6XW=w600-h450-p-k-no
W W,5,2026-02-19,3 個月前,好喝又大杯,
Ro Ze,5,2026-03-19,2 個月前,奶茶好喝,
葉沛承,5,2026-01-19,4 個月前,珍珠奶茶好喝👍🏿 …,
麗安,5,2026-01-19,4 個月前,好喝👍 …,
RC ROMA,5,2026-03-19,2 個月前,好喝,
popin,5,2026-03-19,2 個月前,好喝,
lia li,5,2026-02-19,3 個月前,好東西,
陳明志,5,2026-05-12,1 週前,,
JACK HONG,5,2026-05-05,2 週前,,
Ko Candy,5,2026-05-05,2 週前,,
林淵曉,5,2026-04-28,3 週前,,https://lh3.googleusercontent.com/grass-cs/ANxoTn1U8tfsHn-j4FWjHvOQ6H7q27WDhy42n67zIG5zscKRaM-Ro1LeOebQvn6LB_tA7UFle5Z5t-4YoJwiPaEYu69ol3ZgsOGRbHKxB63tva3rxPR7dT-tr20ZRO42cyEcFdbL5XwvdY7nxjz6=w600-h450-p-k-no
阮懷德,5,2026-04-28,3 週前,,
張紘嘉,5,2026-04-28,3 週前,,
book english,5,2026-04-21,4 週前,好的,
Rong,5,2026-04-19,1 個月前,,
郭庭晏,5,2026-04-19,1 個月前,,
藍方伶,5,2026-04-19,1 個月前,,
jessie yu,5,2026-04-19,1 個月前,珍珠很好吃！,
0 0,5,2026-04-19,1 個月前,,
Emma Chen,5,2026-04-19,1 個月前,,
judy chen,5,2026-04-19,1 個月前,,
楊 馥甄,5,2026-04-19,1 個月前,,
Yuki,5,2026-04-19,1 個月前,好喝一​​生推,
Jiayu,5,2026-04-19,1 個月前,,
泱泱,5,2026-04-19,1 個月前,,
Corrine,5,2026-04-19,1 個月前,,
Grace Lin,5,2026-03-19,2 個月前,好喝！,https://lh3.googleusercontent.com/grass-cs/ANxoTn2lB_A-jF_MOUksRQA0-hBLibB2eNpJQJVQvVFcFAKue_mlFithV1jldN0Y49jJfarP7-FOfw5qv8Rh_zoqGQae46jtF6eyVklvS71hj8FnhuQ4t_Q1aSCF2JVMRxw7X0R1mpYFMnHB6X1-=w600-h450-p-k-no
廖詩韻,5,2026-03-19,2 個月前,,
小晴,5,2026-03-19,2 個月前,,
陳建宇,5,2026-02-19,3 個月前,,
Patty Wu,5,2026-02-19,3 個月前,,
鄭崴智,5,2026-02-19,3 個月前,,
黃Jenny,5,2026-02-19,3 個月前,,
林依亭,5,2026-02-19,3 個月前,,
張景祺,5,2026-02-19,3 個月前,,
麗麗,5,2026-02-19,3 個月前,,
CHUN-FENG CHEN,5,2026-01-19,4 個月前,,
宥榕,5,2026-01-19,4 個月前,,
科科,5,2026-01-19,4 個月前,,
友情,5,2026-01-19,4 個月前,,
家寧范,5,2026-01-19,4 個月前,,
沈榛,5,2026-01-19,4 個月前,,
Sandy Teng,5,2026-01-19,4 個月前,,
Amos Wu,5,2026-01-19,4 個月前,,
陳果,5,2026-01-19,4 個月前,,
阿瑋,5,2025-12-19,5 個月前,,
